"Java reference","Rust implementation","Verification status"
"com/wicpar/sinkingsimulator/Main$main$screenFB$1.class","src/main_screen_fbo_texture.rs","Recovered exact texture parameter order/values; native transparent border and trilinear sampler translated; active framebuffer selects native device support and preserves settings across resize; unsupported-device shader fallback remains approximate in implicit LOD; live GPU parity pending"
"com/wicpar/sinkingsimulator/FragmentShaders$white$2.class","src/fragment_shaders_white.rs","Recovered initializer: exact GLSL string and empty default binding list translated; lazy shared construction checked; native GPU runtime parity pending"
"com/wicpar/sinkingsimulator/FragmentShaders$uv$2.class","src/fragment_shaders_uv.rs","Recovered initializer: exact GLSL string and empty default binding list translated; lazy shared construction checked; native GPU runtime parity pending"
"com/wicpar/sinkingsimulator/FragmentShaders$texture$2.class","src/fragment_shaders_texture.rs","Recovered initializer: exact GLSL string and empty default binding list translated; lazy shared construction checked; native GPU runtime parity pending"
"com/wicpar/sinkingsimulator/VertexShaders$none$2.class","src/vertex_shaders_none.rs","Recovered initializer: exact GLSL string and Position/TexCoord binding order translated; shared lazy construction checked; native GPU runtime parity pending"
"com/wicpar/sinkingsimulator/VertexShaders$nothing$2.class","src/vertex_shaders_nothing.rs","Recovered initializer: exact GLSL string and Position binding translated; shared lazy construction checked; native GPU runtime parity pending"
"com/wicpar/sinkingsimulator/VertexShaders$transform$2.class","src/vertex_shaders_transform.rs","Recovered initializer: exact GLSL string and Position/TexCoord binding order translated; shared lazy construction checked; native GPU runtime parity pending"
"com/wicpar/engine/audio/ALBuffer.java","src/al_buffer.rs; src/native_openal.rs; src/native_vorbis.rs","Partial: allocation, case-sensitive Vorbis load, stack/upload/free order, metadata and cleanup translated; concrete original STB decoder and OpenAL upload checked against all ten soundtrack files with exact file/memory PCM equality and deferred buffer deletion; configurable original allocator identity, native views, live music integration and full failure/thread behavior pending"
"com/wicpar/engine/audio/ALContext$start$1.java","src/al_context_start_reference.rs","Property get/set/name/signature translated; Kotlin reflection owner identity/type-cast ABI pending"
"com/wicpar/engine/audio/ALContext.java","src/al_context.rs; src/native_openal.rs; src/al_capabilities.rs; src/al_capability_tables.rs; src/native_music.rs","Partial: native backend/capabilities, source global current/start/stop/lazy failure property behavior, live default-device identity and shared application resource graph mapped and checked; coroutine registration/free ordering, ICD dispatch, JVM exceptions/races/finalization and full lifecycle parity remain pending"
"com/wicpar/engine/audio/ALSource.java","src/al_source.rs; src/native_openal.rs","Partial: binding/queues, processed-loop, controls, offsets/state/volume and cleanup translated; concrete original OpenAL backend passes native muted PCM states, 0.25s seek, queue/drain and deferred disposal; live MusicPlayer integration, full failure behavior and audible parity pending"
"com/wicpar/engine/audio/device/ALDevice.java","src/al_device.rs; src/native_openal.rs; src/native_music.rs","Partial: class default singleton/name query/open order and deferred device/context graph close active and natively checked, including retained closed-default identity; coroutine registration/free ordering and complete native string/error/thread/JVM lifecycle parity pending"
"com/wicpar/engine/audio/util/ALResource.java","src/al_resource.rs","Current 2026-10-09 original Resource queue pass: Native audio resource cleanup bridge now accepts repeatable source-style callbacks and preserves failed cleanup in the shared source queue. Existing audio allocation/dependency/deletion checks pass. Complete native audio failure, threading, GC/context lifetimes and all-source parity remain incomplete. Verification: 571 regular checks, 21 explicit GPU gates, full-game hover/DPI and eight real Windows character cases pass. See tools/source-resource-queue-evidence.md. Earlier status (superseded): Generic ID/dependency contract translated; concrete audio backend consumers pending"
"com/wicpar/engine/audio/util/ALUtilKt.java","src/al_util_kt.rs","Error query and exact messages translated/tested; Rust Result replaces Java checked exception; native backend integration pending"
"com/wicpar/engine/debug/TimeSync.java","src/time_sync.rs; src/time_sync_reporter.rs","Partial: source atomic pacing/list replacement/background report-delay loop/deferred stop integrated in Bevy; main-thread title messages and JVM coroutine/race/name semantics remain adapted"
"com/wicpar/engine/glfw/GLFW.java","src/glfw.rs","Partial: initialization, monitor enumeration, primary construction and deferred termination translated; native backend pending"
"com/wicpar/engine/glfw/InputHandler.java","src/input_handler.rs","All fifteen source callback defaults and two hooks translated; SourceWindow now routes all callback families through the matching translated behavior; Bevy-native event bridge remains pending"
"com/wicpar/engine/glfw/InputHandlerDelegate.java","src/input_handler_delegate.rs","All source delegate callbacks/payloads/broadcast ordering tested; source Window/callback-list integration pending"
"com/wicpar/engine/glfw/Monitor.java","src/monitor.rs; src/monitor_video_mode.rs; src/monitor_scale.rs","Partial: native mode identity, cached size/scale, available modes, live physical queries and VideoMode copy/hash and Kotlin source_to_string translated; bundled JOML Vector2i `(x y)` format verified; native monitor backend pending"
"com/wicpar/engine/glfw/Window.java","src/window_characters.rs; src/window_keyboard.rs; src/window_bevy.rs; src/window.rs; src/window_misc_callbacks.rs; src/window_start_refresh.rs; src/window_scroll_callback.rs; src/window_mouse_button_callback.rs; src/window_cursor_pos_callback.rs; src/window_size_callback.rs; src/window_native_characters.rs","Current 2026-10-09 native characters/reset pass: Real Win32 character subclass retains full callback values, separate UTF-16 units, system/plain distinction, control filtering, modifier-before-character order and UNICHAR probing. Eight bundled-source DLL cases match on a hidden native Windows window. Full IME, event coalescing, keyboard layout and native window parity remain pending. Verification: 559 regular checks pass, zero fail; eight-case real Windows subclass gate, full-game hover/DPI and 19 explicit GPU checks pass. See tools/native-characters-reset-evidence.md. Earlier status (superseded): Partial: all 15 compiled callback families are separated and dispatched through SourceWindow; callback/query/frame lifecycle and constructor backend sequence translated; Window$start$1 refresh callback separated and used by start; captured-window identity, unlocked draw, clear/draw/swap order and skipped swap on failure checked; scroll callback separated and checked against original lambda14 class, including callback-installed handlers, independent stack folds and exact signed-zero/infinite offsets; mouse-button lambda11 separated with press/release/raw signed payload and callback-failure regression; cursor-position lambda12 separated with actual SourceCameraControl right-drag/blocked-predecessor/release integration check; size lambda2 separated with actual camera normal/zero/negative size integration and original width-height versus height-width argument order; full suite 409 passed; active Bevy WindowBackend and unified native event bridge now connect source position/size/focus/close/cursor/scroll/drop callbacks, event-local queries, title/position changes, physical framebuffer resize, source close cancellation and deferred owner destruction; actual camera consumes source screen-size query; live mouse press/release now reaches translated callbacks with left/right/middle/back/forward IDs and event-ordered reconstructed Shift/Control/Alt/Super masks; both modifier sides, foreign-window filtering and focus loss are checked. TimeSync report title updates also reach SourceWindow. RawWinitWindowEvent metadata now supplies platform modifier masks matched once per typed mouse event, with native WindowId filtering, focus reset, preserved cursor/resize dispatch order and retirement of unmatched packets; held modifiers without keyboard events, mask changes within batches, foreign-window isolation and cross-frame packet cleanup checked. Native Windows key metadata now supplies original GLFW numeric keys, normalized native scan codes, press/repeat/release and raw platform modifiers with exact typed/raw key correlation. Focus handling emits focus first, then sorted held-key/button releases with zero modifiers, and suppresses duplicate Bevy-generated key releases; keypad/navigation, extended scans, unknown keys and action state checked. Full suite 467 passed; character/IME metadata and complete platform keyboard quirks, shared GUI/tool handler consumers, exact presentation-loop/DPI/drop/wheel ordering, icons and GLContext remain pending; see tools/window-bevy-bridge-source-evidence.md; committed IME text now retains event-local native modifier masks and dispatches source char-mods before plain chars with source control-code filtering; foreign/preedit commits ignored; ordinary keyboard character provenance and native IME comparison remain pending"
"com/wicpar/engine/glfw/Window$$special$$inlined$blockGlfwSafe$lambda$2.class","src/window_size_callback.rs","Recovered compiled size callback with CFR; original width/height callback and height/width handler order translated separately and used by SourceWindow; actual camera resize through blocked predecessor plus zero-dimension suppression, negative dimensions and independent handler stacks checked; full suite 409 passed; native GLFW registration, JVM mutable collection/exception ABI and live resize rendering comparison pending"
"com/wicpar/engine/glfw/Window$$special$$inlined$blockGlfwSafe$lambda$12.class","src/window_cursor_pos_callback.rs","Recovered compiled cursor callback with CFR; callbacks then independent handler folds translated separately and used by SourceWindow; actual SourceCameraControl and SourceCamera2D check right-button drag through blocked predecessor, exact matrix translation, last-position retention and release stopping movement; full suite 408 passed; native GLFW registration, mutable JVM collection/exception ABI and live camera/tool comparison pending"
"com/wicpar/engine/glfw/Window$$special$$inlined$blockGlfwSafe$lambda$11.class","src/window_mouse_button_callback.rs","Recovered compiled mouse-button callback with CFR; callbacks before independent blocked=false stack folds, replacement blocked results and unchanged button/action/modifier payload translated separately and used by SourceWindow; right press/release/extreme payload and callback failure boundary checked; full suite 407 passed; native GLFW registration and live tool/camera routing comparison pending"
"com/wicpar/engine/glfw/Window$$special$$inlined$blockGlfwSafe$lambda$14.class","src/window_scroll_callback.rs","Recovered original compiled scroll callback with CFR; callback-before-handlers order, fresh blocked=false for each stack, replacement (not monotonic) blocked return and unchanged f64 payload translated separately and used by SourceWindow.emit_scroll; callback-installed handler stack regression checked; full suite 405 passed; raw native GLFW registration and mutable JVM collection/exception ABI remain pending"
"com/wicpar/engine/glfw/Window$start$1.class","src/window_start_refresh.rs","Original captured Window/fn refresh callback translated separately; ignores event window and performs clear17664/draw(captured)/swap(captured handle); actual SourceWindow recording adapter checks object identity, lock release and failure boundary; full suite 404 passed; native refresh integration and JVM GC closure-cycle behavior pending"
"com/wicpar/engine/graphics/IDrawable.java","src/i_drawable.rs","Source upload/draw/lifecycle order translated and tested against recording backend; concrete Bevy backend and overload bridges pending"
"com/wicpar/engine/graphics/Model.java","src/model.rs","Bevy mesh adapter plus SourceModel VBO/array/NIO-buffer construction and draw/lifetime path; upload window versus capacity/draw count and recording-backend source order tested; active renderer integration pending"
"com/wicpar/engine/graphics/ShadedModel.java","src/shaded_model.rs","Source VBO/array/NIO-buffer constructors, shader identity getter and renderWith/renderShaderless/draw/lifecycle paths translated; windows/capacity/validation/dependency order checked; default Kotlin constructor mask ABI and concrete Bevy backend pending"
"com/wicpar/engine/graphics/standard/Fullscreen.java","src/fullscreen.rs","Exact source indices/vertices/UVs and default triangle style supplied to converted SourceUVModel; allocation/attribute/draw order checked; active Bevy geometry fitting adapted; native runtime parity unverified"
"com/wicpar/engine/graphics/UVModel.java","src/uv_model.rs","Source VBO/array/NIO-buffer constructors and UV getter translated; three VBO allocations before VAO and validation before UV binding checked; buffer windows/capacities and attribute enable/disable order checked; native runtime integration pending"
"com/wicpar/engine/memory/Resource.java","src/resource.rs","Current 2026-10-09 original Resource queue pass: Live ResourceRuntime uses source Java 13 traversal: save next before callback, remove only on successful return, preserve throwing callback/suffix, and defer tail callback appends to the next runMain. Retryable native/local free hooks retain receivers and permit controlled reentry without holding callback locks. Seven actual original JVM cases/20 snapshots and an actual Bevy First-stage frame check pass. Asynchronous source registration, reentrant Java monitor/GC timing, broad native backend failure and complete Ship/global/list lifecycle still pending. Verification: 571 regular checks, 21 explicit GPU gates, full-game hover/DPI and eight real Windows character cases pass. See tools/source-resource-queue-evidence.md. Earlier status (superseded): Deferred dependency cleanup plus engine-thread local-object cleanup bridge translated; native resource subclass pre-free callback hook supports cross-thread close with engine-thread callback removal before superclass destruction; tested for order/idempotence; JVM finalization/GC timing and full runtime parity pending"
"com/wicpar/engine/opengl/buffers/VAO.java","src/vao.rs","Source upload/draw/lifecycle order translated and tested against recording backend; concrete Bevy backend and overload bridges pending"
"com/wicpar/engine/opengl/buffers/VBO.java","src/vbo.rs","Source upload/draw/lifecycle order translated and tested against recording backend; concrete Bevy backend and overload bridges pending"
"com/wicpar/engine/opengl/GLContext.java","src/gl_context.rs","Partial: thread-local identity/cache, capability reporting and deferred GL destruction translated; backend reflection/native Bevy integration pending"
"com/wicpar/engine/opengl/shaders/Shader.java","src/shader.rs","Compilation/attach/detach/source constants/deferred GLResource cleanup translated and checked; concrete GPU compiler pending"
"com/wicpar/engine/opengl/shaders/ShaderProgram.java","src/shader_program.rs","Current 2026-10-09 original-video UI/native GL verification: NativeGlBackend now executes actual Windows driver program creation/link/use/uniform operations with current-context/thread assertions. Real-driver test verifies original failed-link object retention, invalid-program use error and deferred actual program deletion. Existing Bevy material adapters remain separate; all GL lifetime/failure cases and live canonical source integration are not yet proven. Verification: 581 regular checks, 24 actual-GPU gates and 39 expanded hover transitions pass. See tools/original-video-ui-native-evidence.md. Earlier status (superseded): Binding/link/uniform/reflection/validation/deferred disposal contracts translated and checked; concrete GPU backend pending"
"com/wicpar/engine/opengl/state/GLState.java","src/gl_state/mod.rs","Interface/None/Concat translated; recursive nonempty snapshot confirmed from bytecode and represented by explicit panic; GPU backend integration pending"
"com/wicpar/engine/opengl/state/stencil/StencilConfig.java","src/gl_state/stencil_config.rs","Source defaults/apply/lazy capture/copy/value equality/hash translated; concrete backend and synthetic default overloads pending"
"com/wicpar/engine/opengl/state/stencil/StencilFunc.java","src/gl_state/stencil_func.rs","Source defaults/apply/lazy capture/copy/value equality/hash translated; concrete backend and synthetic default overloads pending"
"com/wicpar/engine/opengl/state/stencil/StencilOp.java","src/gl_state/stencil_op.rs","Source defaults/apply/lazy capture/copy/value equality/hash translated; concrete backend and synthetic default overloads pending"
"com/wicpar/engine/opengl/state/stencil/StencilWriteMask.java","src/gl_state/stencil_write_mask.rs","Source defaults/apply/lazy capture/copy/value equality/hash translated; concrete backend and synthetic default overloads pending"
"com/wicpar/engine/opengl/state/UtilKt.java","src/gl_state/util_kt.rs","Source cached capture/apply/callback/restore order verified; GPU backend integration pending"
"com/wicpar/engine/opengl/textures/framebuffers/FBO.java","src/fbo.rs","Source attachment/storage/draw/error-check/lifetime sequence tested; concrete GPU backend/current-context constructors pending"
"com/wicpar/engine/opengl/textures/framebuffers/FramebufferTarget.java","src/framebuffer_target.rs","Source attachment/storage/draw/error-check/lifetime sequence tested; concrete GPU backend/current-context constructors pending"
"com/wicpar/engine/opengl/textures/framebuffers/RenderFBO.java","src/render_fbo.rs","SourceRenderFbo texture/depth allocation, resize replacement and source mipmap sequence tested; active Bevy backend/screen callback integration pending"
"com/wicpar/engine/opengl/textures/framebuffers/TexturedFBO.java","src/textured_fbo.rs","Source attachment/storage/draw/error-check/lifetime sequence tested; concrete GPU backend/current-context constructors pending"
"com/wicpar/engine/opengl/textures/renderbuffers/RenderBuffer.java","src/render_buffer.rs","Source attachment/storage/draw/error-check/lifetime sequence tested; concrete GPU backend/current-context constructors pending"
"com/wicpar/engine/opengl/textures/Texture.java","src/texture.rs","Source upload/binding/readback/framebuffer/mipmap/lifetime operations tested; generic loader/NIO/concrete GPU integration pending"
"com/wicpar/engine/opengl/textures/Texture1D.java","src/texture_1d.rs","Source upload/binding/readback/framebuffer/mipmap/lifetime operations tested; generic loader/NIO/concrete GPU integration pending"
"com/wicpar/engine/opengl/textures/Texture2D.java","src/texture_2d.rs","Active image adapter and SourceTexture2D upload path; source order tested; Windows native_gl_mips.rs directly executes source RGBA8 glGenerateMipmap; all 15 native GPU icon mip chains match 720488 original GL bytes exactly on local Radeon driver; portable CPU and dynamic FBO mips unverified; pixel buffer identity/NIO and complete native backend parity pending"
"com/wicpar/engine/opengl/textures/Texture2DArray.java","src/texture_2d_array.rs","Source upload/binding/readback/framebuffer/mipmap/lifetime operations tested; generic loader/NIO/concrete GPU integration pending"
"com/wicpar/engine/opengl/util/GLResource.java","src/gl_resource.rs","Current 2026-10-09 original Resource queue pass: Native cleanup bridge now requires repeatable callbacks, preserving them after throwing cleanup and delaying appended tail work according to verified source deque behavior. Existing dependency/context and shared native backend checks pass. Full live GPU context/destruction, native exception/poisoning behavior and resource ownership parity remain incomplete. Verification: 571 regular checks, 21 explicit GPU gates, full-game hover/DPI and eight real Windows character cases pass. See tools/source-resource-queue-evidence.md. Earlier status (superseded): Partial: ID/context dependency and current-context default with strong context ownership translated; concrete backend integration pending"
"com/wicpar/engine/physics/gl/builder/data/FloatDataHolder.java","src/float_data_holder.rs; src/float_data_texture_config.rs","Native source float holder exposes typed GL vector descriptor/value relationship and source vec1/vec2/vec3/vec4 names; texture allocation/order and formats retained; concrete GPU pass integration pending"
"com/wicpar/engine/physics/gl/builder/data/FloatDataHolder$texture$1.class","src/float_data_texture_config.rs","Recovered nested sampler callback from JAR class; NEAREST magnification/minification and CLAMP_TO_BORDER S/T parameters emitted in source order"
"com/wicpar/engine/physics/gl/builder/data/GLDataHolder.java","src/gl_data_holder.rs","SourceGlDataHolder native retained Texture2D getter implemented by native position/float/force/water holders; concrete texture identity and deferred lifecycle checked. Existing storage descriptor adapter retained; remaining native holders and GPU integration pending"
"com/wicpar/engine/physics/gl/builder/data/TypedDataHolder.java","src/typed_data_holder.rs","Source typed-holder contract now ties the base GLType value to the associated holder value; native and storage holder adapters exposed separately"
"com/wicpar/engine/physics/gl/builder/data/UInt8DataHolder.java","src/uint8_data_holder.rs","Source-native Texture2D allocation with null pixels, exact format/internal-format tables, component-index ordering and recovered NEAREST/CLAMP_TO_BORDER sampler callback; source and storage holder adapters represented"
"com/wicpar/engine/physics/gl/builder/GLBuilder.java","src/gl_builder/gl_builder.rs","Source empty operations and context naming/declarations translated and checked"
"com/wicpar/engine/physics/gl/builder/types/D1.java","src/gl_builder/d1.rs","Translated source marker/type hierarchy; CPU representation; GPU builder integration pending"
"com/wicpar/engine/physics/gl/builder/types/D2.java","src/gl_builder/d2.rs","Translated source marker/type hierarchy; CPU representation; GPU builder integration pending"
"com/wicpar/engine/physics/gl/builder/types/D3.java","src/gl_builder/d3.rs","Translated source marker/type hierarchy; CPU representation; GPU builder integration pending"
"com/wicpar/engine/physics/gl/builder/types/D4.java","src/gl_builder/d4.rs","Translated source marker/type hierarchy; CPU representation; GPU builder integration pending"
"com/wicpar/engine/physics/gl/builder/types/Dec.java","src/gl_builder/dec.rs","Translated source marker/type hierarchy; CPU representation; GPU builder integration pending"
"com/wicpar/engine/physics/gl/builder/types/DW.java","src/gl_builder/dw.rs","Translated source marker/type hierarchy; CPU representation; GPU builder integration pending"
"com/wicpar/engine/physics/gl/builder/types/DX.java","src/gl_builder/dx.rs","Translated source marker/type hierarchy; CPU representation; GPU builder integration pending"
"com/wicpar/engine/physics/gl/builder/types/DY.java","src/gl_builder/dy.rs","Translated source marker/type hierarchy; CPU representation; GPU builder integration pending"
"com/wicpar/engine/physics/gl/builder/types/DZ.java","src/gl_builder/dz.rs","Translated source marker/type hierarchy; CPU representation; GPU builder integration pending"
"com/wicpar/engine/physics/gl/builder/types/FloatRelatives.java","src/gl_builder/float_relatives.rs","Translated source marker/type hierarchy; CPU representation; GPU builder integration pending"
"com/wicpar/engine/physics/gl/builder/types/FloatType.java","src/gl_builder/float_type.rs","Source scalar/sampler family and type names translated and tested; concrete GPU backend pending"
"com/wicpar/engine/physics/gl/builder/types/FloatVector.java","src/gl_builder/float_vector.rs","Translated source marker/type hierarchy; CPU representation; GPU builder integration pending"
"com/wicpar/engine/physics/gl/builder/types/FloatVectorType.java","src/gl_builder/float_vector_type.rs","Translated source marker/type hierarchy; CPU representation; GPU builder integration pending"
"com/wicpar/engine/physics/gl/builder/types/FOUR.java","src/gl_builder/four.rs","Translated source marker/type hierarchy; CPU representation; GPU builder integration pending"
"com/wicpar/engine/physics/gl/builder/types/GLFloat.java","src/gl_builder/gl_float.rs","Source scalar marker/type name translated; FloatType hierarchy pending"
"com/wicpar/engine/physics/gl/builder/types/GLFloatSampler2D.java","src/gl_builder/gl_float_sampler_2d.rs","Source scalar/sampler family and type names translated and tested; concrete GPU backend pending"
"com/wicpar/engine/physics/gl/builder/types/GLFloatSampler2DType.java","src/gl_builder/gl_float_sampler_2d_type.rs","Source scalar/sampler family and type names translated and tested; concrete GPU backend pending"
"com/wicpar/engine/physics/gl/builder/types/GLInt.java","src/gl_builder/gl_int.rs","Source scalar/sampler family and type names translated and tested; concrete GPU backend pending"
"com/wicpar/engine/physics/gl/builder/types/GLIntSampler2D.java","src/gl_builder/gl_int_sampler_2d.rs","Source scalar/sampler family and type names translated and tested; concrete GPU backend pending"
"com/wicpar/engine/physics/gl/builder/types/GLIntSampler2DType.java","src/gl_builder/gl_int_sampler_2d_type.rs","Source scalar/sampler family and type names translated and tested; concrete GPU backend pending"
"com/wicpar/engine/physics/gl/builder/types/GLIVec1.java","src/gl_builder/gl_ivec1.rs","Translated source marker/type hierarchy; CPU representation; GPU builder integration pending"
"com/wicpar/engine/physics/gl/builder/types/GLIVec2.java","src/gl_builder/gl_ivec2.rs","Translated source marker/type hierarchy; CPU representation; GPU builder integration pending"
"com/wicpar/engine/physics/gl/builder/types/GLIVec3.java","src/gl_builder/gl_ivec3.rs","Translated source marker/type hierarchy; CPU representation; GPU builder integration pending"
"com/wicpar/engine/physics/gl/builder/types/GLIVec4.java","src/gl_builder/gl_ivec4.rs","Translated source marker/type hierarchy; CPU representation; GPU builder integration pending"
"com/wicpar/engine/physics/gl/builder/types/GLSampler2DType.java","src/gl_builder/gl_sampler_2d_type.rs","Source sampled base-type contract translated"
"com/wicpar/engine/physics/gl/builder/types/GLSamplerKt.java","src/gl_builder/gl_sampler_kt.rs","Exact source texelFetch expression translated; type constraint hierarchy pending"
"com/wicpar/engine/physics/gl/builder/types/GLType.java","src/gl_builder/gl_type.rs","Source generic type-name contract translated"
"com/wicpar/engine/physics/gl/builder/types/GLUInt.java","src/gl_builder/gl_uint.rs","Source scalar/sampler family and type names translated and tested; concrete GPU backend pending"
"com/wicpar/engine/physics/gl/builder/types/GLUIntSampler2D.java","src/gl_builder/gl_uint_sampler_2d.rs","Source scalar/sampler family and type names translated and tested; concrete GPU backend pending"
"com/wicpar/engine/physics/gl/builder/types/GLUIntSampler2DType.java","src/gl_builder/gl_uint_sampler_2d_type.rs","Source scalar/sampler family and type names translated and tested; concrete GPU backend pending"
"com/wicpar/engine/physics/gl/builder/types/GLUVec1.java","src/gl_builder/gl_uvec1.rs","Translated source marker/type hierarchy; CPU representation; GPU builder integration pending"
"com/wicpar/engine/physics/gl/builder/types/GLUVec2.java","src/gl_builder/gl_uvec2.rs","Translated source marker/type hierarchy; CPU representation; GPU builder integration pending"
"com/wicpar/engine/physics/gl/builder/types/GLUVec3.java","src/gl_builder/gl_uvec3.rs","Translated source marker/type hierarchy; CPU representation; GPU builder integration pending"
"com/wicpar/engine/physics/gl/builder/types/GLUVec4.java","src/gl_builder/gl_uvec4.rs","Translated source marker/type hierarchy; CPU representation; GPU builder integration pending"
"com/wicpar/engine/physics/gl/builder/types/GLVec1.java","src/gl_builder/gl_vec1.rs","Translated source marker/type hierarchy; CPU representation; GPU builder integration pending"
"com/wicpar/engine/physics/gl/builder/types/GLVec2.java","src/gl_builder/gl_vec2.rs","Translated source marker/type hierarchy; CPU representation; GPU builder integration pending"
"com/wicpar/engine/physics/gl/builder/types/GLVec3.java","src/gl_builder/gl_vec3.rs","Translated source marker/type hierarchy; CPU representation; GPU builder integration pending"
"com/wicpar/engine/physics/gl/builder/types/GLVec4.java","src/gl_builder/gl_vec4.rs","Translated source marker/type hierarchy; CPU representation; GPU builder integration pending"
"com/wicpar/engine/physics/gl/builder/types/GLVectorComponent.java","src/gl_builder/gl_vector_component.rs","Translated source marker/type hierarchy; CPU representation; GPU builder integration pending"
"com/wicpar/engine/physics/gl/builder/types/GLVectorRelatives.java","src/gl_builder/gl_vector_relatives.rs","Translated source marker/type hierarchy; CPU representation; GPU builder integration pending"
"com/wicpar/engine/physics/gl/builder/types/GLVectorSize.java","src/gl_builder/gl_vector_size.rs","Translated source marker/type hierarchy; CPU representation; GPU builder integration pending"
"com/wicpar/engine/physics/gl/builder/types/GLVectorType.java","src/gl_builder/gl_vector_type.rs","Translated source marker/type hierarchy; CPU representation; GPU builder integration pending"
"com/wicpar/engine/physics/gl/builder/types/I1.java","src/gl_builder/i1.rs","Translated source marker/type hierarchy; CPU representation; GPU builder integration pending"
"com/wicpar/engine/physics/gl/builder/types/I2.java","src/gl_builder/i2.rs","Translated source marker/type hierarchy; CPU representation; GPU builder integration pending"
"com/wicpar/engine/physics/gl/builder/types/I3.java","src/gl_builder/i3.rs","Translated source marker/type hierarchy; CPU representation; GPU builder integration pending"
"com/wicpar/engine/physics/gl/builder/types/I4.java","src/gl_builder/i4.rs","Translated source marker/type hierarchy; CPU representation; GPU builder integration pending"
"com/wicpar/engine/physics/gl/builder/types/IGLVector.java","src/gl_builder/igl_vector.rs","Translated source marker/type hierarchy; CPU representation; GPU builder integration pending"
"com/wicpar/engine/physics/gl/builder/types/Inc.java","src/gl_builder/inc.rs","Translated source marker/type hierarchy; CPU representation; GPU builder integration pending"
"com/wicpar/engine/physics/gl/builder/types/IntRelatives.java","src/gl_builder/int_relatives.rs","Translated source marker/type hierarchy; CPU representation; GPU builder integration pending"
"com/wicpar/engine/physics/gl/builder/types/IntType.java","src/gl_builder/int_type.rs","Source scalar/sampler family and type names translated and tested; concrete GPU backend pending"
"com/wicpar/engine/physics/gl/builder/types/IntVector.java","src/gl_builder/int_vector.rs","Translated source marker/type hierarchy; CPU representation; GPU builder integration pending"
"com/wicpar/engine/physics/gl/builder/types/IntVectorType.java","src/gl_builder/int_vector_type.rs","Translated source marker/type hierarchy; CPU representation; GPU builder integration pending"
"com/wicpar/engine/physics/gl/builder/types/IW.java","src/gl_builder/iw.rs","Translated source marker/type hierarchy; CPU representation; GPU builder integration pending"
"com/wicpar/engine/physics/gl/builder/types/IX.java","src/gl_builder/ix.rs","Translated source marker/type hierarchy; CPU representation; GPU builder integration pending"
"com/wicpar/engine/physics/gl/builder/types/IY.java","src/gl_builder/iy.rs","Translated source marker/type hierarchy; CPU representation; GPU builder integration pending"
"com/wicpar/engine/physics/gl/builder/types/IZ.java","src/gl_builder/iz.rs","Translated source marker/type hierarchy; CPU representation; GPU builder integration pending"
"com/wicpar/engine/physics/gl/builder/types/ONE.java","src/gl_builder/one.rs","Translated source marker/type hierarchy; CPU representation; GPU builder integration pending"
"com/wicpar/engine/physics/gl/builder/types/THREE.java","src/gl_builder/three.rs","Translated source marker/type hierarchy; CPU representation; GPU builder integration pending"
"com/wicpar/engine/physics/gl/builder/types/TWO.java","src/gl_builder/two.rs","Translated source marker/type hierarchy; CPU representation; GPU builder integration pending"
"com/wicpar/engine/physics/gl/builder/types/UIntRelatives.java","src/gl_builder/uint_relatives.rs","Translated source marker/type hierarchy; CPU representation; GPU builder integration pending"
"com/wicpar/engine/physics/gl/builder/types/UIntType.java","src/gl_builder/uint_type.rs","Source scalar/sampler family and type names translated and tested; concrete GPU backend pending"
"com/wicpar/engine/physics/gl/builder/types/UIntVector.java","src/gl_builder/uint_vector.rs","Translated source marker/type hierarchy; CPU representation; GPU builder integration pending"
"com/wicpar/engine/physics/gl/builder/types/UIntVectorType.java","src/gl_builder/uint_vector_type.rs","Translated source marker/type hierarchy; CPU representation; GPU builder integration pending"
"com/wicpar/engine/physics/gl/builder/types/W.java","src/gl_builder/w.rs","Translated source marker/type hierarchy; CPU representation; GPU builder integration pending"
"com/wicpar/engine/physics/gl/builder/types/X.java","src/gl_builder/x.rs","Translated source marker/type hierarchy; CPU representation; GPU builder integration pending"
"com/wicpar/engine/physics/gl/builder/types/Y.java","src/gl_builder/y.rs","Translated source marker/type hierarchy; CPU representation; GPU builder integration pending"
"com/wicpar/engine/physics/gl/builder/types/Z.java","src/gl_builder/z.rs","Translated source marker/type hierarchy; CPU representation; GPU builder integration pending"
"com/wicpar/engine/physics/gl/builder/vars/GLOpsKt.java","src/gl_builder/gl_ops_kt.rs","All eight source expression operations translated and tested; concrete GPU integration pending"
"com/wicpar/engine/physics/gl/builder/vars/GLReference.java","src/gl_builder/gl_reference.rs","Typed reference text/getters translated"
"com/wicpar/engine/physics/gl/builder/vars/GLVectorUtilKt.java","src/gl_builder/gl_vector_util_kt.rs","All six source helper overloads translated; vector-size/scalar-number constraints and source constants tested; GPU integration pending"
"com/wicpar/engine/physics/passes/impl/CustomPass.java","src/passes/custom_pass.rs","Source callback/order/capability contracts translated and checked; binding/framebuffer backend integration pending"
"com/wicpar/engine/physics/passes/impl/DirectPass.java","src/passes/direct_pass.rs","Source callback/order/capability contracts translated and checked; binding/framebuffer backend integration pending"
"com/wicpar/engine/physics/passes/impl/ProviderPass.java","src/passes/provider_pass.rs","Source callback/order/capability contracts translated and checked; native texture binding adapter connects ShipPhysics holder textures and exposes retained Texture2D for target factories; concrete binding/framebuffer backend integration pending"
"com/wicpar/engine/physics/passes/impl/StandardPass.java","src/passes/standard_pass.rs; src/passes/native_pass_factory.rs","Source sampler/uniform/render-state ordering translated and checked; adapter execution through retained ShaderProgram, shared lazy FullScreen and injected state backend verified, including one start/stop per uniform and source cached stencil restoration; concrete Bevy backend and live GPU verification pending"
"com/wicpar/engine/physics/passes/impl/StencilPass.java","src/passes/stencil_pass.rs; src/passes/native_pass_factory.rs","Source sampler/uniform/render-state ordering translated and checked; adapter execution through retained ShaderProgram and shared lazy FullScreen verified, including disabled color writes before state capture and restored writes before disabling stencil; concrete Bevy backend and live GPU verification pending"
"com/wicpar/engine/physics/passes/impl/TargetPass.java","src/passes/target_pass.rs; src/passes/native_pass_factory.rs","Source callback/order/capability contracts translated and checked; adapter execution builds TexturedFBO from retained texture and stencil attachments; source attachment calls, draw buffers, viewport restoration, error checkpoints and context cleanup verified with injected recording backends; live GPU verification pending"
"com/wicpar/engine/physics/passes/InitializablePass.java","src/passes/initializable_pass.rs","Setup interface translated; concrete GPU backend migration pending"
"com/wicpar/engine/physics/passes/InitializableStatefulPass.java","src/passes/initializable_stateful_pass.rs","Combined source interface translated; concrete GPU backend migration pending"
"com/wicpar/engine/physics/passes/Pass.java","src/passes/pass.rs","Render interface translated; concrete GPU backend migration pending"
"com/wicpar/engine/physics/passes/PassBuilder.java","src/passes/pass_builder.rs","Nested source builder steps translated; immediate setup/custom pass order/shared stencil sizes checked; explicit existing-stencil overload now wired by native ShipPhysics constructor; concrete GPU factory migration pending"
"com/wicpar/engine/physics/passes/StatefulPass.java","src/passes/stateful_pass.rs","Source no-op uniform defaults translated; concrete GPU backend migration pending"
"com/wicpar/engine/rendering/ScreenFBO.java","src/screen_fbo.rs","Active RGBA8 target/mip adapter and native border sampler; SourceScreenFbo constructor uses source RenderFbo with stencil/mipmap flags, two framebuffer size queries, retained target/window/callback identities, unfiltered resize and window dependency registration; deferred callback removal before native FBO deletion and Sea texture capture bridge checked; active backend integration, default constructor mask and driver parity pending"
"com/wicpar/engine/steam/ISteamFriendsCallback.java","","Steam conversion excluded from current playable build by user instruction"
"com/wicpar/engine/steam/ISteamUGCCallback.java","","Steam conversion excluded from current playable build by user instruction"
"com/wicpar/engine/steam/SteamFriendsHandler.java","","Steam conversion excluded from current playable build by user instruction"
"com/wicpar/engine/steam/SteamHandler.java","","Steam conversion excluded from current playable build by user instruction"
"com/wicpar/engine/steam/SteamHandlerKt.java","","Steam conversion excluded from current playable build by user instruction"
"com/wicpar/engine/steam/SteamUGCHandler.java","","Steam conversion excluded from current playable build by user instruction"
"com/wicpar/engine/steam/SteamUtilsHandler$appID$1.java","","Steam conversion excluded from current playable build by user instruction"
"com/wicpar/engine/steam/SteamUtilsHandler.java","","Steam conversion excluded from current playable build by user instruction"
"com/wicpar/engine/threads/ExecutorKt.java","src/executor_kt.rs","Partial: immediate wrappers and singleton GL dispatcher with lazy named worker, delayed tasks and shutdown translated; full coroutine cancellation/context semantics pending"
"com/wicpar/engine/util/enums/BitmapEnum.java","src/enums/bitmap_enum.rs","Source bitmap operations and bounded iterator behavior tested; JVM collection bridges/exception semantics and integration pending"
"com/wicpar/engine/util/enums/EnumSet.java","src/enums/enum_set.rs","Source bitmap operations and bounded iterator behavior tested; JVM collection bridges/exception semantics and integration pending"
"com/wicpar/engine/util/enums/IntEnum.java","src/enums/int_enum.rs","Source bitmap operations and bounded iterator behavior tested; JVM collection bridges/exception semantics and integration pending"
"com/wicpar/engine/util/enums/MutableEnumSet.java","src/enums/mutable_enum_set.rs","Source bitmap operations and bounded iterator behavior tested; JVM collection bridges/exception semantics and integration pending"
"com/wicpar/engine/util/enums/StaticEnumSet.java","src/enums/static_enum_set.rs","Source bitmap operations and bounded iterator behavior tested; JVM collection bridges/exception semantics and integration pending"
"com/wicpar/engine/util/FileReader.java","src/file_reader.rs","Source path priority and PNG RGBA verified; integrated ship resource loading; STB/platform charset parity pending"
"com/wicpar/engine/util/FileReaderKt.java","src/file_reader_kt.rs","Directory and stored/deflate plus ZIP64 JAR extraction translated; ZIP64 sentinel fields, extended sizes and offsets are decoded with bounded extra-field parsing and split-disk rejection; URI charset/filesystem semantics and runtime archive corpus parity pending"
"com/wicpar/engine/util/ImageData.java","src/image_data.rs","Source fields and unsigned-byte default translated; native image-cache generators now retain exact ImageData identity and metadata without RGBA normalization; native derived generation copies raw metadata and capacity-sized byte data. Full suite 343 tests pass. JVM positioned/limited ByteBuffer views, cursor sharing and hash semantics pending"
"com/wicpar/engine/util/MemUtil.java","src/mem_util.rs","Source array copying/native byte encoding/pointer decoding represented and tested; model constructor connected; direct-memory/NIO identity and malformed UTF8 parity pending"
"com/wicpar/engine/util/properties/BackedProperty.java","src/backed_property.rs","Behavior translated; window callback registration and full runtime parity pending"
"com/wicpar/engine/util/properties/FloatProperty.java","src/float_property.rs","Behavior translated; window callback registration and full runtime parity pending"
"com/wicpar/engine/util/properties/IntProperty.java","src/int_property.rs","Behavior translated; window callback registration and full runtime parity pending"
"com/wicpar/engine/util/properties/Vector2Property.java","src/vector2_property.rs","Behavior translated; window callback registration and full runtime parity pending"
"com/wicpar/engine/util/TeeOutputStream.java","src/tee_output_stream.rs; src/main_logging.rs","All five source stream operations and failure ordering translated/tested; Main logging prelude and concrete shared file sink translated and tested with both tee outputs, truncating open, shared close and first-output-before-error behavior; full suite 371 tests pass. Concrete process-wide console/PrintStream replacement, JVM error swallowing/encoding and concurrent write semantics pending"
"com/wicpar/engine/world/Camera2D.java","src/camera_2d.rs","Partial: source local object reference identity, mutable relative vector, twice-invert operations and callback equality/iteration translated; active Bevy adapter retained; JOML arithmetic/native integration parity pending"
"com/wicpar/sinkingsimulator/CameraControl.java","src/camera_control.rs","Current 2026-10-09 editor capture pass: Camera callbacks now honor editor mouse capture and text keyboard capture. Registered ordered-input checks cover right pan, wheel, zoom keys and unblocked scene interaction. Full native capture ownership and window parity remain unfinished. Verification: 553 regular checks pass, zero fail; full-game hover/DPI check and 19 explicit GPU checks pass. See tools/editor-input-capture-evidence.md. Earlier status (superseded): Source object/getter identity, constructors and callbacks translated; active adapter applies each wheel callback separately using source double Math.pow/cursor arithmetic then float cast, net-zero event batch/anchor/key-repeat/Shift-left pan checked; native/JOML/cross-event timing parity pending; active native event stream preserves per-event camera/Ship coordinates and mouse modifier masks; Move polling cancellation and retained Ship drag/release order connected; all-tool mouse broadcast and captured brush cursor/release retention connected; null tool selection still consumes ordinary left presses before camera; evidence window-world-move-source-evidence.md; complete GUI stacks, selection/replacement timing and native comparative parity remain pending"
"com/wicpar/sinkingsimulator/Floor.java","src/floor.rs; src/floor_companion.rs; src/floor_camera_callback.rs","Active floor writes source numeric RGB .5 into the UNORM scene capture, verified by extracted Sprite color; viewport-clipped half-plane adapter now uses current source camera bounds instead of the prior Bevy projection area; source retained CameraControl/callback/render/free methods translated; immediate inverse update, live depth read, blend/draw order and failure behavior checked; exact shared fragment shader owner supplied; constructor uses retained shader objects and Fullscreen/SourceUVModel; link/geometry/validation/UV/callback order and two-instance callback removal checked; inherited model resource closure now queues camera cleanup on the engine thread, preserving callback receiver identity after caller drop; shared context closure cleanup checked; Recovered nested callback now preserves shader receiver, second shader lookup, uniform lookup, fresh camera inverse and upload order; active native registry/callback wiring and GPU runtime parity pending"
"com/wicpar/sinkingsimulator/Floor$Companion.class","src/floor_companion.rs","Recovered retained shader getter separated with original shader owner and exact GLSL literal; getter returns same retained shader identity and existing native constructors preserve reuse; focused identity and full suite 393 passed zero failed; process-wide JVM static initialization registry and live GPU parity pending"
"com/wicpar/sinkingsimulator/Floor$cameraCallback$1.class","src/floor_camera_callback.rs","Recovered callback translated into separate Rust file; concrete program backend routes camera changes through source-ordered receiver and uniform lookup before inverse; focused receiver/fresh matrix check passed; full suite 374 passed zero failed; live GPU and JVM ABI parity pending"
"com/wicpar/sinkingsimulator/FragmentShaders.java","src/fragment_shaders.rs; src/fragment_shaders_white.rs; src/fragment_shaders_uv.rs; src/fragment_shaders_texture.rs","Active ShipMaterial preserves source RGB through the UNORM framebuffer and specializes both RGB and alpha blending to SRC_ALPHA/ONE_MINUS_SRC_ALPHA; lighting/water and WGSL checks recorded in source-scene-color-space-evidence.md; arithmetic bodies translated; synchronized lazy registry retains distinct shader identities and retries failed compilation; exact recovered bodies/type/empty bindings and cached closed identity checked; active native shader registry integration and GPU runtime parity pending"
"com/wicpar/sinkingsimulator/GameParameterProvider.java","src/game_parameters.rs","Partial: shared-vector source object, constructor/copy masks, scalar Float.compare and glm equality, wrapping hash checked against original JVM; Kotlin data-class source_to_string now emits all fields in source order with comma-separated glm vectors and Java-style float spelling; Kotlin ABI/active integration pending"
"com/wicpar/sinkingsimulator/GameParameterProviderKt.java","src/game_parameter_provider_kt.rs","Partial: source-thread retained provider getter/setter identity checked; JVM process-global cross-thread visibility and active integration pending"
"com/wicpar/sinkingsimulator/gui/GUI.java","src/gui.rs; src/gui_tool_factory.rs; src/tools/source_brush_ship.rs; src/gui_reset_ship.rs; src/ship_runtime_reset.rs","Current 2026-10-10 editor window integration: Source display/constructor metrics now also project editor window bounds, body clipping, fields, font/caret/selection and child-scroll rounding through the live renderer boundary. Source caret width remains one physical pixel after projection. Source editor state is retained across close/reopen. Toolbox geometry/focused window stacking, full original font atlas/rasterization and native GUI parity remain incomplete. Verification: 609 regular checks and actual GPU Name/Description clipping and layer isolation pass. See tools/source-editor-integration-evidence.md. Earlier status (superseded): Current 2026-10-10 source UI metrics/footage verification: Original bundled Windows GLFW query confirms physical window/framebuffer sizes and primary monitor scale1.25. Rust captures original constructor metrics once and converts current display/cursor coordinates at the renderer boundary; resizing preserves Tools/tooltip source pixel dimensions. Classic colors now use original packed 8-bit channels, with actual original CPU palette fixtures. Other Toolbox/editor dimensions, saved window state, exact focus/active-ID and full native GUI parity remain incomplete. Verification: 602 regular checks, 39 GPU hover transitions and one GPU editor isolation gate pass. See tools/source-tools-layout-evidence.md and tools/source-ui-metrics-footage-evidence.md. Earlier status (superseded): Current 2026-10-09 original-video UI/native GL verification: Correct original video is 23-36-40.mp4; earlier recordings are Rust. Bundled Classic colors now applied to semantic UI panels/fields/buttons/tabs/scrollbars with original alpha. Artificial filled-border and tab-strip rectangles removed. Numeric right-hand labels use left anchor and frame-right plus four-unit spacing. Original checkbox path and antialiased stroke now draw meshes instead of unsupported checkmark font glyphs. Rounded one-pixel borders, complete DPI sizing, exact font/layout geometry, and native focus/active-ID behavior remain incomplete. Verification: 581 regular checks, 24 actual-GPU gates and 39 expanded hover transitions pass. See tools/original-video-ui-native-evidence.md. Earlier status (superseded): Current 2026-10-09 fresh native Ship allocation pass: Native Shift+R now creates fresh physics/settings and geometry identities using retained source thumbnail caches; counted resets preserve source ordering before same-frame activation and reset placement/layer state without resetting the camera. Actual GPU storage independence and stale-generation rejection checked. Native callback remains deferred through Bevy messages; full synchronous close/globalShip/list/callback and constructor-failure behavior remain pending. Verification: 567 regular checks, 21 explicit GPU gates, full-game hover/DPI and eight real Windows character cases pass. See tools/fresh-ship-allocation-evidence.md. Earlier status (superseded): Current 2026-10-09 source font and registry audit: Native Text2d uses original bundled FiraSans with Latin ligatures, contextual substitutions and pair kerning disabled. STB pixel-height sizes are converted to renderer em sizes from exact original 1000 units/em and hhea 935/-265 metrics; source logical sizes and explicit line height are retained. Eight native F18 Latin sample advances/line heights match original source, with fresh-layout hover checks at 100%/125% including threaded rendering. Complete source glyph rasterization, layout/DPI, Unicode exceptions and interaction parity remain pending. See tools/source-font-registry-evidence.md. Earlier status (superseded): Current 2026-10-09 source catalog/resource pass: Queued native Shift+R requests reconstruct the old retained active thumbnail before a same-frame browser/editor selection. Multiple requests remain counted and successful new Ship initialization starts at layer index 0. This still uses deferred Bevy messages rather than the source synchronous callback close/global-list sequence; complete event interleaving and capture ownership remain pending. Verification: 564 regular checks pass, zero fail; 19 explicit GPU checks, full-game hover/DPI and the eight-case real Windows character gate pass. See tools/live-catalog-resource-evidence.md. Earlier status (superseded): Current 2026-10-09 live palette/resource pass: Shift+R replacement now resets the shown layer to first-layer index 0 as the source new Ship does, preserving camera and catalog index. Live reconstruction uses retained global palette and thumbnail resources. Full synchronous callback reset, global ship-list/error lifetime and complete ImGui capture remain pending. Verification: 561 regular checks pass, zero fail; 19 explicit GPU checks, full-game hover/DPI and the eight-case real Windows character gate pass. See tools/live-palette-resource-evidence.md. Earlier status (superseded): Current 2026-10-09 native characters/reset pass: Ordinary native text is inserted once; source GUI u16 narrowing and narrowed-NUL rejection are retained. Shift+R resets the cached active catalog/editor ship despite text capture, preserving camera and selected layer. Source global ship-list/error lifetimes, IME and full ImGui capture remain pending. Verification: 559 regular checks pass, zero fail; eight-case real Windows subclass gate, full-game hover/DPI and 19 explicit GPU checks pass. See tools/native-characters-reset-evidence.md. Earlier status (superseded): Current 2026-10-09 editor capture pass: Live capture stops editor mouse/key input before camera and native brushes; covered toolbox/tool/layer/search/browser controls no longer receive new presses. Controls outside the ordinary editor remain usable. Source active-item/root-window/popup/nav ownership and complete native keyboard capture remain unfinished. Verification: 553 regular checks pass, zero fail; full-game hover/DPI check and 19 explicit GPU checks pass. See tools/editor-input-capture-evidence.md. Earlier status (superseded): Current 2026-10-09 UI correction: source arrow tessellation now rebuilds in physical pixel coordinates on resize, keeping the original one-pixel antialias fringe. Full-game hover/DPI check passes at 100% and 125%, including threaded rendering. Complete native font/layout/capture parity remains unfinished. See tools/physics-wave-order-evidence.md. Earlier status (superseded): 2026-10-09 current verification: Recovered original DrawList arrow tessellation. Native toolbox/layer arrows replace missing font glyphs. Twelve original JVM fixtures match float bits, colors and indices. Physical pixel AA scaling, full native font/capture/window parity remain pending. Regular suite: 547 passed, zero failed, 42 ignored. See tools/verification-pass-2026-10-09.md. Earlier status follows as historical context: Constructor order/DPI/style/tool/font publication and window-dependent resource cleanup translated. Native source tool factory now composes actual ship, texture holders, pass factory and scene blend backend; explicit target kind attaches Break to mask and Flood/Dry to water. All four tool factory methods checked with actual SourceShip, original icons, native pass graph, framebuffer attachment identity, activation/preview/action draws and Move startDrag. Current-ship getter count verifies eager brush constructor lookup, selected active action lookup and deferred Move lookup. Native GUI reset operations use Main references and actual SourceShip thumbnail reconstruction; retained thumbnail/control/global palette, new ship identity, old hull close without physics close and shared list replacement checked with actual PNG resources. Main input registration retains the live ship list as its own stack; source ship catalog keeps canonical parent-directory and exact-name group identity through layer selection, includes valid Structure Pack base resources, and sorts by Java UTF-16 name order; resize/cursor/release reach the replacement, old ship is unaffected, and clearing the list removes routing. Current-palette thumbnail binding performs fresh fallback lookup for every original materials getter; retained constructor palette can differ from per-pixel material references. Actual PNG test verifies initial capture, three distinct pixel lookups, missing material, preserved transparent/invisible physical material and local-palette suppression of all global reads. SourceShip current-palette constructor and native GUI reset now use late getters rather than eagerly capturing Main.globalMaterials. Full suite 344 tests pass. Native GUI/font platform backends, singleton, full frame/startup composition, active Bevy integration and live visual parity pending"
"com/wicpar/sinkingsimulator/gui/GUIKt.java","src/gui_kt.rs; src/ui_descriptions.rs; src/tools/tool.rs; src/main.rs","Current 2026-10-10 source UI metrics/footage verification: Hover boxes now use source constructor font, wrapping, floored content dimensions, padding, safe area, mouse-cursor scale and one-source-pixel borders through the live viewport adapter. IDs, strings, 300ms delay and pending text-buffer refresh are retained. 39 actual GPU hover transitions pass at 100%, 125% and threaded 125%. Fractional constructor atlas metrics/rasterization and rounded corners remain unverified. Verification: 602 regular checks, 39 GPU hover transitions and one GPU editor isolation gate pass. See tools/source-tools-layout-evidence.md and tools/source-ui-metrics-footage-evidence.md. Earlier status (superseded): Current 2026-10-09 original-video UI/native GL verification: Reproduced wrong rendered hover text after eight empty-space frames: stored Move drew previous Dry glyphs. On payload changes TextLayout is now invalidated so Bevy retains the pending buffer refresh while its camera has no visible sprites. Original IDs, descriptions and 300 ms timing preserved. Expanded 39-transition actual-rendered-text regression passes for tools, thumbnails and four Music controls at 100%, 125% and threaded 125%. Earlier continuous-hover verification did not cover this defect. Full original tooltip pixels/DrawList fidelity remain incomplete. Verification: 581 regular checks, 24 actual-GPU gates and 39 expanded hover transitions pass. See tools/original-video-ui-native-evidence.md. Earlier status (superseded): 2026-10-09 current verification: Original description wording/timing retained. Corrected ordering against actual Bevy text-layout system and removed duplicate DPI division. Full game GPU hover check switches all four tools and five ship thumbnails at 100% and 125% scaling, including threaded rendering. Reported stale first tooltip was not reproduced. Full native ImGui item capture, fonts and layout parity remain pending. Regular suite: 547 passed, zero failed, 42 ignored. See tools/verification-pass-2026-10-09.md. Earlier status follows as historical context: 2026-10-09 current: signed tool indexing/getter aliases and finally cleanup retained. Active descriptions use source wording, strict >300ms wall-clock delay, non-hover reset and fontSize*35 wrapping. Tooltip mouse placement follows original preferred Right/Down/Up/Left order, retained direction, safe-area padding and mouse+2 oversized fallback; six original-JVM snapshots match. Classic packed popup/text/border colors, 8px padding and 1px border are connected. Editor occlusion follows its ordinary nonmodal window instead of blanket suppression. Seven focused hover checks and latest full regular suite (546 passed, zero failed, 38 ignored) pass. DPI, keyboard-navigation placement, exact item IDs/capture, label hit extents, font rasterization and draw-list antialiasing remain incomplete. See tools/ui-hover-descriptions-source-evidence.md. No complete UI/native-runtime parity claim. Earlier conversion notes (historical, superseded where contradicted above): Original state/getter aliases, signed tool indexing, tooltip clock/delay and nested finally sequence translated; description timer extracted into shared DescriptionState used by GuiKt and the active browser adapter; ship image hover uses texture identity, child clipping and scroll-mapped coordinates, modal suppression, strict >300ms wall-clock delay and fontSize*35 wrapping; foreground tooltip background follows measured text size; exact native popup placement and DPI/style remain pending; active UI starts at source null tool slot, button/key 1-4 toggles use Break/Flood/Dry/Move order and deselect current; native ImGui/font/singleton integration remains partial"
"com/wicpar/sinkingsimulator/gui/ShipUpload$render$1.java","src/ship_upload.rs","Window-open property reference represented by SourceShipUpload accessors"
"com/wicpar/sinkingsimulator/gui/ShipUpload$render$2$4$1$1.java","src/ship_upload.rs","Upload callback state represented by SourceShipUpload progress/error/success state"
"com/wicpar/sinkingsimulator/gui/ShipUpload.java","src/ship_upload.rs; src/ship_upload_resources.rs; src/ship_upload_layout.rs; src/ship_upload_preview.rs; src/main.rs","Current 2026-10-10 editor window integration: Original JVM configured editor window847x803 at755,90, title28.5, clip760,119..1597,892 and blank content532 retained as evidence. Native editor now loads source saved settings and integrates four-edge/two-corner resizing, minimum size, collapse/full-size retention, title and empty-body movement, dynamic preview/field reflow, source-scale fonts, caret/selection/navigation and multiline scrolling. Resized/collapsed geometry drives input capture and hover blocking; collapsed body cameras/overlays/scrollbars are hidden. Source INI saving across restart, complete tab overflow/active-ID guards, hinted fractional font atlas and rounded drawing still pending. Verification: 609 regular checks and actual GPU Name/Description clipping and layer isolation pass. See tools/source-editor-integration-evidence.md. Earlier status (superseded): Current 2026-10-10 source UI metrics/footage verification: Additional original footage 2026-10-10 04-54-50.mp4 demonstrates wide/narrow/tall editor resizing, collapse, movement, source-scaled previews and focused window stacking. These native sizing/stacking behaviors remain incomplete in the Rust adapter. New actual GPU regression proves Name and Description field clipping excludes active layer-menu primitives after separating render layers. This does not establish complete editor or file-picker parity. Verification: 602 regular checks, 39 GPU hover transitions and one GPU editor isolation gate pass. See tools/source-tools-layout-evidence.md and tools/source-ui-metrics-footage-evidence.md. Earlier status (superseded): Current 2026-10-09 fresh native Ship allocation pass: Live Test Ship activation allocates fresh physics/settings buffers and model mesh; actual Mesh2d and ShipMesh point at the new geometry, and externally retained old mesh remains untouched. Preview/source image caches remain shared and active reset state is retained. Full synchronous preview construction/close/error order, material/callback ownership, alias and exact UI/IME behavior remain pending. Verification: 567 regular checks, 21 explicit GPU gates, full-game hover/DPI and eight real Windows character cases pass. See tools/fresh-ship-allocation-evidence.md. Earlier status (superseded): Current 2026-10-09 source font and registry audit: Shared native font adapter corrects independent Latin character spacing and pixel-height versus em-size normalization, bringing rendered text advances into agreement with existing source editor metrics for the tested F18 samples. The active editor retains source logical font sizes. Exact STB atlas/baseline, all field layout/selection geometry, IME/focus and native source exception/error behavior remain pending. See tools/source-font-registry-evidence.md. Earlier status (superseded): Current 2026-10-09 source catalog/resource pass: Edit current now takes the retained active thumbnail instead of rediscovering disk files, including when its browser entry is removed. Successful Test Ship activation retains the preview thumbnail as the canonical active reset resource. Active layer controls use retained thumbnail layers independent of catalog indices. Complete source mutable-object sharing, editor/IME/focus/layout and error lifecycle remain pending. Verification: 564 regular checks pass, zero fail; 19 explicit GPU checks, full-game hover/DPI and the eight-case real Windows character gate pass. See tools/live-catalog-resource-evidence.md. Earlier status (superseded): Current 2026-10-09 live palette/resource pass: Unsaved preview rendering now survives a missing catalog entry and reuses retained texture/light handles. Preview/reset physics and generated editor previews use the source global palette property. New Ship initialization resets the shown layer to 0; camera is retained. Full native editor/IME/layout/error parity remains pending. Verification: 561 regular checks pass, zero fail; 19 explicit GPU checks, full-game hover/DPI and the eight-case real Windows character gate pass. See tools/live-palette-resource-evidence.md. Earlier status (superseded): Current 2026-10-09 native characters/reset pass: Shift+R resets unsaved Test Ship preview from its retained thumbnail/cache even after source files change or the catalog index becomes invalid. Registered runtime checks preserve camera, selected layer/index and preview revision. Native editor layout, IME and full item ownership remain pending. Verification: 559 regular checks pass, zero fail; eight-case real Windows subclass gate, full-game hover/DPI and 19 explicit GPU checks pass. See tools/native-characters-reset-evidence.md. Earlier status (superseded): Current 2026-10-09 editor capture pass: The ordinary editor captures its moved window bounds and active text fields; scene controls outside its bounds remain live. New checks prove editor overlap, keyboard focus and release routing. Native DPI/resize/collapse/layout and full item ownership remain unfinished. Verification: 553 regular checks pass, zero fail; full-game hover/DPI check and 19 explicit GPU checks pass. See tools/editor-input-capture-evidence.md. Earlier status (superseded): 2026-10-09 current verification: Full runtime hover verification includes ship thumbnail names. Existing live local editor retained. Complete original editor/native font/input/preview parity remains unverified. Steam excluded by instruction. Regular suite: 547 passed, zero failed, 42 ignored. See tools/verification-pass-2026-10-09.md. Earlier status follows as historical context: 2026-10-09 current: active UTF-16 source editing includes capacity/publication quirks, bounded undo/redo, clipboard shortcuts, focus cancellation, glyph-based caret/selection, double-click locking, text clipping, description child scroll targets and scrollbar seeking/outside dragging/release. Hover descriptions on selected resource images and Test Ship preview follow source wording, clipping and delay. Edit Ship is source flags None, not modal: only covered controls lose hover. Latest regular suite: 546 passed, zero failed, 38 ignored. Wheel routing/locks, DPI, resize/collapse, exact capture/IDs, native pixel parity and complete resource lifetime behavior remain incomplete. Steam excluded. See tools/ui-hover-descriptions-source-evidence.md and tools/ui-description-scrollbar-source-evidence.md. Earlier conversion notes (historical, superseded where contradicted above): Reset state and UTF-16 buffers translated; setFromThumbnail retains complete ShipResource maps including synthesized BaseDerivedTexture entries; setOpen(false) removes the current layer; file-picker result stores a validated file under the selected layer/type; Add Layer UTF-16 input, blank-name guard, duplicate-key replacement and buffer reset translated; ship-name edits propagate to all file and synthesized resources; Java HashMap bucket iteration order retained for upload layers; local Save Locally folder creation, existing-name failure, resource serialization and status updates translated; active Bevy editor supports source-matched Edit Current/Create New, source title/name placeholder and missing-required-fields state, name/description/layer-name editing, Add Layer, selectable paged layer tabs, typed BASE/MATERIALS/TEXTURE/INLIGHTS/EXLIGHTS controls with native Windows extension-filtered file pickers and drop-to-import, selected-resource highlighting, cached resource image preview; Save Locally is gated by BASE plus a Kotlin-nonblank ship name; BASE/MATERIALS picker and drop selections always target the default layer; hidden buttons and paged tabs ignore clicks; editor mutable queries have disjoint filters verified by a headless runtime test; shipped Kotlin isWhitespace bytecode verified (Character.isWhitespace OR Character.isSpaceChar), including nonbreaking separators; 4 upload validation tests and 1 UI runtime test pass; selectResource and its default-layer overload now translate missing-layer early return, null/loading texture selector fallback, full-content-width 30*scale button, old resource retention across picker mutation, material canonical-path/generated fallback text, truncated frame-padding image button, 200*scale height cap, DslFix centering, UV/background/tint defaults and post-picker change description; active shared preview now reads the actual selected editor resource map without synthesizing missing TEXTURE and can show a layer image before BASE exists; active editor now lays out BASE/MATERIALS, material path, Add Layer and layer tabs, selected-layer TEXTURE/INLIGHTS/EXLIGHTS and combined default-texture preview in a vertical stack; every selected image has its own source-sized centered preview and selector frame; missing resources keep full-width selector buttons; prototype headings, Next Layer and bottom Close are hidden; shared focused preview removed; editor body uses a separate clipped camera and source scrollbar/wheel arithmetic, and editor field/tab/resource hit coordinates map through the same scroll; Save/status rows follow previews without overlap; real PNG runtime checks cover per-resource layers, viewport pixels, wheel movement, scroll-mapped hit coordinates, blank-ship clamp and close; source DPI/style dimensions, text wrapping/selection, tab overflow and close buttons, window collapse/resizing, native focus/z-order, viewport clamp and settings persistence, generated-material label adaptation remain pending; editor movement now retains click offset, floors absolute top-left position, continues outside the window, releases on invalid pointer or mouse release, rejects occupied controls and scrollbar clicks, skips the appearing frame and retains position across close/reopen; removed the prototype full-screen dimmer for the source regular window; body camera, scrollbar, resource/field hit tests, descriptions and combined Test Ship action share the retained editor offset; clipped offscreen viewport geometry and actual moved-preview activation are verified; active resource image and Test Ship descriptions now use the exact source wording, strict hover delay, scroll-clipped hit frames and editor/tab identity scopes; a separate tooltip camera draws above the editor; focused checks cover real PNG previews, missing-selector exclusion, strict delay, combined preview text, clipping and overlay order; Test Ship callback now translates close, post-close global getter, camera-control lookup, thumbnail.toShip, global replacement, list clear and final global relookup/add in source order; native adapter reuses SourceResetShipOperations constructor and source resource close; active click hits the scroll-mapped combined preview, builds SourceShipData from unsaved editor resources with local palette precedence, resets scene geometry and GPU state while retaining camera and keeping editor open, and retains the active thumbnail after editor reset/close; textures, lights, layer dropdown and Edit Current use the active preview; browser image clicks clear it and force same-entry reconstruction; catalog index changes preserve the unsaved active ship; active/native checks cover callback getter order, real external PNG/JSON resources, local mass, layers, camera, physics dimensions, readback and mesh reset, and close persistence; native scene-resource lifetime and missing-texture exception behavior still require full renderer parity; original Main global palette initialization now runs before active renderer catalog/ship setup; SteamUGC upload omitted per user instruction; active editor/search also consume shared committed Unicode CharacterInput messages and drain inactive input; search preserves UTF-16 capacity; controlled production-consumer checks recorded in window-ime-character-source-evidence.md; native text selection and complete shared input capture remain pending"
"com/wicpar/sinkingsimulator/gui/Toolbox$render$1.java","src/toolbox_references/toolbox_render_1.rs","Property get/set/name/signature/owner translated; retained receiver, boxed numeric conversions and mutation checks pass; full Kotlin reflection/exception ABI and native UI integration pending"
"com/wicpar/sinkingsimulator/gui/Toolbox$render$2$1.java","src/toolbox_references/toolbox_render_2_1.rs","Property get/set/name/signature/owner translated; retained receiver, boxed numeric conversions and mutation checks pass; full Kotlin reflection/exception ABI and native UI integration pending"
"com/wicpar/sinkingsimulator/gui/Toolbox$render$2$3.java","src/toolbox_references/toolbox_render_2_3.rs","Property get/set/name/signature/owner translated; retained receiver, boxed numeric conversions and mutation checks pass; full Kotlin reflection/exception ABI and native UI integration pending"
"com/wicpar/sinkingsimulator/gui/Toolbox$render$4$1$2$1.java","src/toolbox_references/toolbox_render_4_1_2_1.rs","Property get/set/name/signature/owner translated; retained receiver, boxed numeric conversions and mutation checks pass; full Kotlin reflection/exception ABI and native UI integration pending"
"com/wicpar/sinkingsimulator/gui/Toolbox$render$4$1$2$10.java","src/toolbox_references/toolbox_render_4_1_2_10.rs","Property get/set/name/signature/owner translated; retained receiver, boxed numeric conversions and mutation checks pass; full Kotlin reflection/exception ABI and native UI integration pending"
"com/wicpar/sinkingsimulator/gui/Toolbox$render$4$1$2$11.java","src/toolbox_references/toolbox_render_4_1_2_11.rs","Property get/set/name/signature/owner translated; retained receiver, boxed numeric conversions and mutation checks pass; full Kotlin reflection/exception ABI and native UI integration pending"
"com/wicpar/sinkingsimulator/gui/Toolbox$render$4$1$2$12.java","src/toolbox_references/toolbox_render_4_1_2_12.rs","Property get/set/name/signature/owner translated; retained receiver, boxed numeric conversions and mutation checks pass; full Kotlin reflection/exception ABI and native UI integration pending"
"com/wicpar/sinkingsimulator/gui/Toolbox$render$4$1$2$13.java","src/toolbox_references/toolbox_render_4_1_2_13.rs","Property get/set/name/signature/owner translated; retained receiver, boxed numeric conversions and mutation checks pass; full Kotlin reflection/exception ABI and native UI integration pending"
"com/wicpar/sinkingsimulator/gui/Toolbox$render$4$1$2$14.java","src/toolbox_references/toolbox_render_4_1_2_14.rs","Property get/set/name/signature/owner translated; retained receiver, boxed numeric conversions and mutation checks pass; full Kotlin reflection/exception ABI and native UI integration pending"
"com/wicpar/sinkingsimulator/gui/Toolbox$render$4$1$2$2.java","src/toolbox_references/toolbox_render_4_1_2_2.rs","Property get/set/name/signature/owner translated; retained receiver, boxed numeric conversions and mutation checks pass; full Kotlin reflection/exception ABI and native UI integration pending"
"com/wicpar/sinkingsimulator/gui/Toolbox$render$4$1$2$3.java","src/toolbox_references/toolbox_render_4_1_2_3.rs","Property get/set/name/signature/owner translated; retained receiver, boxed numeric conversions and mutation checks pass; full Kotlin reflection/exception ABI and native UI integration pending"
"com/wicpar/sinkingsimulator/gui/Toolbox$render$4$1$2$4.java","src/toolbox_references/toolbox_render_4_1_2_4.rs","Property get/set/name/signature/owner translated; retained receiver, boxed numeric conversions and mutation checks pass; full Kotlin reflection/exception ABI and native UI integration pending"
"com/wicpar/sinkingsimulator/gui/Toolbox$render$4$1$2$5.java","src/toolbox_references/toolbox_render_4_1_2_5.rs","Property get/set/name/signature/owner translated; retained receiver, boxed numeric conversions and mutation checks pass; full Kotlin reflection/exception ABI and native UI integration pending"
"com/wicpar/sinkingsimulator/gui/Toolbox$render$4$1$2$6.java","src/toolbox_references/toolbox_render_4_1_2_6.rs","Property get/set/name/signature/owner translated; retained receiver, boxed numeric conversions and mutation checks pass; full Kotlin reflection/exception ABI and native UI integration pending"
"com/wicpar/sinkingsimulator/gui/Toolbox$render$4$1$2$7.java","src/toolbox_references/toolbox_render_4_1_2_7.rs","Property get/set/name/signature/owner translated; retained receiver, boxed numeric conversions and mutation checks pass; full Kotlin reflection/exception ABI and native UI integration pending"
"com/wicpar/sinkingsimulator/gui/Toolbox$render$4$1$2$8.java","src/toolbox_references/toolbox_render_4_1_2_8.rs","Property get/set/name/signature/owner translated; retained receiver, boxed numeric conversions and mutation checks pass; full Kotlin reflection/exception ABI and native UI integration pending"
"com/wicpar/sinkingsimulator/gui/Toolbox$render$4$1$2$9.java","src/toolbox_references/toolbox_render_4_1_2_9.rs","Property get/set/name/signature/owner translated; retained receiver, boxed numeric conversions and mutation checks pass; full Kotlin reflection/exception ABI and native UI integration pending"
"com/wicpar/sinkingsimulator/gui/Toolbox$render$4$1$3$1.java","src/toolbox_references/toolbox_render_4_1_3_1.rs","Property get/set/name/signature/owner translated; retained receiver, boxed numeric conversions and mutation checks pass; full Kotlin reflection/exception ABI and native UI integration pending"
"com/wicpar/sinkingsimulator/gui/Toolbox$render$4$1$3$3.java","src/toolbox_references/toolbox_render_4_1_3_3.rs","Property get/set/name/signature/owner translated; retained receiver, boxed numeric conversions and mutation checks pass; full Kotlin reflection/exception ABI and native UI integration pending"
"com/wicpar/sinkingsimulator/gui/Toolbox$render$4$1$3$5.java","src/toolbox_references/toolbox_render_4_1_3_5.rs","Property get/set/name/signature/owner translated; retained receiver, boxed numeric conversions and mutation checks pass; full Kotlin reflection/exception ABI and native UI integration pending"
"com/wicpar/sinkingsimulator/gui/Toolbox$render$4$1$3$6.java","src/toolbox_references/toolbox_render_4_1_3_6.rs","Property get/set/name/signature/owner translated; retained receiver, boxed numeric conversions and mutation checks pass; full Kotlin reflection/exception ABI and native UI integration pending"
"com/wicpar/sinkingsimulator/gui/Toolbox$render$4$1$3$7.java","src/toolbox_references/toolbox_render_4_1_3_7.rs","Property get/set/name/signature/owner translated; retained receiver, boxed numeric conversions and mutation checks pass; full Kotlin reflection/exception ABI and native UI integration pending"
"com/wicpar/sinkingsimulator/gui/Toolbox$render$4$1$5$1.java","src/toolbox_references/toolbox_render_4_1_5_1.rs","Property get/set/name/signature/owner translated; retained receiver, boxed numeric conversions and mutation checks pass; full Kotlin reflection/exception ABI and native UI integration pending"
"com/wicpar/sinkingsimulator/gui/Toolbox$render$4$1$5$2.java","src/toolbox_references/toolbox_render_4_1_5_2.rs","Property get/set/name/signature/owner translated; retained receiver, boxed numeric conversions and mutation checks pass; full Kotlin reflection/exception ABI and native UI integration pending"
"com/wicpar/sinkingsimulator/gui/Toolbox.java","src/toolbox.rs; src/toolbox_viewport.rs; src/ui_scrollbar.rs; src/toolbox_tools.rs; src/toolbox_layout.rs; src/toolbox_reload_loop.rs; src/toolbox_settings.rs; src/toolbox_ship_browser.rs; src/toolbox_reload.rs; src/toolbox_reload_filesystem.rs; src/main.rs","Current 2026-10-10 source UI metrics/footage verification: Live lower-left Tools geometry now drives drawing, hover, tool/layer clicks, camera capture and Tool Size dragging from shared source pixel rectangles. Original CPU measurements verify seven tool items and 39 selectable rows in 2/8/9/20-entry popups, including above/below placement, clipping and scroll maximum. Popup cameras moved to separate layers15/16; actual GPU Name/Description clipping excludes popup primitives. Tooltip scaling and original popup palette are connected. Original Physics Toolbox probes at three display sizes and new source footage demonstrate remaining body/title/tab geometry, movement, collapse, focused stacking and tall-thumbnail scrolling gaps. Verification: 602 regular checks, 39 GPU hover transitions and one GPU editor isolation gate pass. See tools/source-tools-layout-evidence.md and tools/source-ui-metrics-footage-evidence.md. Earlier status (superseded): Current 2026-10-09 original-video UI/native GL verification: Original-video comparison confirms compact translucent UI, correct hover descriptions and drawn checkbox ticks. Classic palette, right-label alignment and source checkbox stroke adapter integrated; regular geometry/state tests and expanded full-game hover regression pass. Existing window-height coordinates and prototype field/tool/tab sizing remain pending replacement with source monitor/framebuffer metrics. Complete editor/browser/runtime parity remains incomplete. Verification: 581 regular checks, 24 actual-GPU gates and 39 expanded hover transitions pass. See tools/original-video-ui-native-evidence.md. Earlier status (superseded): Current 2026-10-09 fresh native Ship allocation pass: Browser source resource caches remain shared with selected ship images, while each selected/repeated-row construction allocates independent physics/settings and mesh assets. Prior generation/removed-row/layer/cache integration checks still pass. Complete source globalShip/list/close sequencing, shared metadata and failure/timing/native UI behavior remain pending. Verification: 567 regular checks, 21 explicit GPU gates, full-game hover/DPI and eight real Windows character cases pass. See tools/fresh-ship-allocation-evidence.md. Earlier status (superseded): Current 2026-10-09 source catalog/resource pass: Actual browser and selection now use the existing translated ReloadState and FilesystemReloadBackend. Publication retains old-map one-scan delay, canonical cached resources, Java name ordering, exclusion handling, and no catch-up scans. Browser getTexture polls nonblocking, skips pending results and shares cached texture/BASE data with selected Ship. Same-row clicks reconstruct; removed rows disappear while the active Ship remains. Steam is excluded. Exact background timing, mutable metadata aliases and native UI/capture parity remain pending. Verification: 564 regular checks pass, zero fail; 19 explicit GPU checks, full-game hover/DPI and the eight-case real Windows character gate pass. See tools/live-catalog-resource-evidence.md. Earlier status (superseded): Current 2026-10-09 live palette/resource pass: Browser/editor generated images now use Main.globalMaterials through the source generator rather than loading the palette file on each use. Active layer rendering retains thumbnail texture/light caches. Full browser-to-selected-ship object sharing, popup/root-window/nav capture and exact layout remain pending. Verification: 561 regular checks pass, zero fail; 19 explicit GPU checks, full-game hover/DPI and the eight-case real Windows character gate pass. See tools/live-palette-resource-evidence.md. Earlier status (superseded): Current 2026-10-09 native characters/reset pass: Search retains original UTF-16 units, including isolated surrogates, and filters with Java char comparison instead of lossy replacement text. Native key/text duplication is checked with real registered messages. Full native popup/root-window/nav capture and layout parity remain pending. Verification: 559 regular checks pass, zero fail; eight-case real Windows subclass gate, full-game hover/DPI and 19 explicit GPU checks pass. See tools/native-characters-reset-evidence.md. Earlier status (superseded): Current 2026-10-09 editor capture pass: Editor occlusion now applies to new toolbox/tool/layer/search/browser presses and settings/browser wheel events without blanket disabling for an open editor. Existing active widget/scrollbar drags retain ownership. Full source popup/root-window/nav capture remains unfinished. Verification: 553 regular checks pass, zero fail; full-game hover/DPI check and 19 explicit GPU checks pass. See tools/editor-input-capture-evidence.md. Earlier status (superseded): 2026-10-09 current verification: Live full-game tooltip switching verified for Break/Flood/Dry/Move and visible ship browser thumbnails. Source arrow geometry replaces toolbox/layer font triangles. All toolbox/settings/editor/native interaction and pixel parity are not yet proven. Regular suite: 547 passed, zero failed, 42 ignored. See tools/verification-pass-2026-10-09.md. Earlier status follows as historical context: 2026-10-09 current: all 19 described settings rows are checked for exact GUIKt.description wording in Toolbox.java. Tool and dynamic music descriptions retain source state-dependent text; controls with no source description remain undescribed. Tooltip delay/reset, scrolled clipping, ordinary editor occlusion, source mouse popup placement and classic colors/border are connected. Seven focused hover checks pass; latest full regular suite: 546 passed, zero failed, 38 ignored. Full native layout, label item extents, active-ID/window capture, DPI, wheel lock behavior, font/draw-list rendering and complete pixel parity remain unfinished. See tools/ui-hover-descriptions-source-evidence.md. Earlier conversion notes (historical, superseded where contradicted above): Partial: state/settings/browser/reload translated and catalog owned by SourceToolbox; Rust settings bounds and drag speeds now match Toolbox ranges, including Physics >= Water up to 1000; filesystem/resource identity retained; active Bevy catalog rescans local ship sources each second with source one-scan thumbnail delay and selected-ship preservation; non-source dropped-PNG import path removed; Steam/Workshop path excluded per user instruction; source-matched Edit Current/Create New behavior; screenshots and decompiled UI comparison confirmed Physics/Graphics/Music/Performance/Advanced tabs; Advanced now has the source Gen Palette action; Performance includes its Iterations per frame heading; bottom Show Layer control is a dynamic dropdown using selected-ship layer names; dropdown queries are disjoint, menu height follows the active ship, and new layer rows are added after catalog changes; Escape closes the menu, editor opening suppresses it, and collapsed Toolbox no longer disables the independent tool selector; headless UI runtime verification passes for menu growth/shrink and editor initialization; Tools uses the source bottom-left viewport anchor and NoBackground behavior; all icons, labels, size control, and dropdown rows share canonical render/input coordinates; resizing updates the anchor and camera capture uses the same offset; tools capture pointer input before underlying Toolbox settings; headless checks exercise actual icon clicks at two window widths, background resizing, independent collapsed-toolbox capture and no underlying-field drag; source window scaffolding now translates bottom-pivot Tools placement, Once-positioned Toolbox, live shared height reservation callback registration, ToolboxTabs scopes and unconditional ShipUpload rendering after normal completion; ShipScroll sizing preserves getter order, integer display-height conversion, dragging branch and negative child size semantics; four focused layout checks pass, including source cleanup on nested body failure; Tools body now translates source layer-property receiver and separate names lookup, combo default count/height, null-tool skipping, active/normal texture choice and texture-ID evaluation before geometry, square frame-derived icons and truncated padding, tool toggling to index zero, descriptions and default sameLine spacing, live Tool Size property and F12 help-text scope; two focused Tools checks pass for full control call order, selection/toggle, live layer and size writes, fractional-scale geometry and font restoration on failure; active Bevy settings pages now use a dedicated clipped viewport between Toolbox backdrops and foreground/modal overlays; root backdrop height reserves the independent Tools region, content scroll is retained by tab, scrollbar geometry follows extent and position, and settings/color-picker/music seek hit coordinates map through scrolling; ship search and edit/create rows are assigned to Ships so foreground routing cannot draw them over settings tabs; focused headless runtime checks cover layer routing, viewport pixel bounds, resize, scroll clamp, hidden tools and collapse; existing camera and tool anchor checks pass; short settings tabs now resize the Toolbox to their control extents with source padding and tools-space cap; Music/Advanced height switching and existing scrolled-field interactions verified; original bundled Fira Sans assigned to all newly created UI text before text layout, with font bytes matching source SHA256; source-library scrollbar numeric behavior now drives thumb drawing and input: frame inset, GrabMinSize 10, retained grab offset, absolute track seek with post-round reanchor, integer scroll rounding and modal capture cancellation; wheel uses source min(5*fontSize,0.67*innerHeight) truncation and suppresses vertical scrolling under Ctrl/Shift; source calculations verified from freshly decompiled bundled ImGui classes; scroll limits computed separately per tab; active source DPI/style sizing, horizontal wheel/window wheel-lock behavior and active browser hover descriptions connected to shared source timing and wrapping; source descriptions now cover all 14 Physics rows, Cycle/Cycle length/Day/Water Darkness, both Performance iteration fields, four tools and music icon buttons; music text follows shuffle/repeat/pause state; source controls with no description remain without one; settings hover maps through per-tab scroll and child clipping, tools remain independent of collapsed Toolbox, and modal/dropdown capture suppresses descriptions; exact label hit extents, native popup placement and DPI remain pending; browser thumbnails now resolve default-layer TEXTURE through ShipThumbnail instead of catalog appearance fallbacks; BASE-only thumbnails synthesize their image with local MATERIALS precedence and configured global palette fallback; synchronous active adapter caches texture handles and dimensions by appearance/BASE identity until catalog revision; asynchronous source lazy-load timing remains pending; active ShipScroll now reuses source DslFix sizing and centering for variable-aspect image buttons without fixed cards or name labels; every filtered entry receives a row; its separate child camera clips and scrolls images while Search and Edit/Create stay fixed; source scrollbar geometry drives child thumb drawing and retained-offset dragging; image dimensions cache invalidates on catalog revisions; focused browser checks cover tall and wide texture sizing, child viewport bounds, scrolled selection and changed-search stale-row suppression; prototype Bevy/leak HUD removed; remaining exact window scaling, scroll clipping, spacing, and full ShipUpload resource preview/test activation remain under port; active browser search consumes layout-aware Unicode keyboard text, handles repeated Backspace, drains unfocused events, and enforces the 256-slot UTF-16 buffer limit; filtering uses Java UTF-16 case-insensitive literal substring semantics; active editor/search also consume shared committed Unicode CharacterInput messages and drain inactive input; search preserves UTF-16 capacity; controlled production-consumer checks recorded in window-ime-character-source-evidence.md; native text selection and complete shared input capture remain pending"
"com/wicpar/sinkingsimulator/gui/Toolbox$1.class","src/toolbox_reload_loop.rs","Recovered continuous reload then 1000ms delay loop translated separately; label-zero/one scope retention immediate delay loop suspended resume cancellation incoming failure and scan failure checked; NativeOperations connects existing SourceToolbox reload to supplied delay; full suite 388 passed zero failed; constructor launch scheduler lifetime cancellation and live periodic reload integration pending; Steam excluded by user instruction"
"com/wicpar/sinkingsimulator/KotlinHelpersKt.java","src/kotlin_helpers.rs","All four overload contracts translated using Rust slices; in-place and ordering tests pass"
"com/wicpar/sinkingsimulator/Main.java","src/main.rs; src/main_frame.rs; src/main_globals.rs; src/main_ship_input.rs; src/gui_reset_ship.rs; src/main_music_load.rs; src/main_shutdown.rs; src/main_shutdown_watchdog.rs; src/main_initial_ship.rs; src/main_debug.rs; src/main_logging.rs; src/main_startup.rs","Current 2026-10-09 live Ship drawing bindings: Live load_selected_ship now constructs independent hull/strut/coverage draw materials and geometry with each fresh Ship physics allocation. Current positions/masks/water bindings are rebound before extraction; old retained draw assets are left unchanged. Missing or incompatible prepared physics groups cannot dispatch. Actual live preview GPU pixels and regular replacement checks pass. Source synchronous close/globalShip/list/camera callback and constructor-error boundaries remain incomplete. Verification: 575 regular checks, 22 actual-GPU gates plus coverage/resize, full-game hover/DPI and eight real Windows character cases pass. See tools/live-ship-drawing-evidence.md. Earlier status (superseded): Current 2026-10-09 fresh native Ship allocation pass: Live ship replacement now allocates fresh native physics/settings storage and fresh model mesh assets rather than changing previous Ship objects. Generations continue across replacement and reject old readback observers. Real GPU check preserves externally retained old one-cell position bytes while a new two-cell Ship dispatches. Full synchronous globalShip/shipList and callback/close/error scheduling remain pending. Verification: 567 regular checks, 21 explicit GPU gates, full-game hover/DPI and eight real Windows character cases pass. See tools/fresh-ship-allocation-evidence.md. Earlier status (superseded): Current 2026-10-09 source catalog/resource pass: Native startup retains its independently constructed Main thumbnail, then initializes an engine-thread adapter for translated Toolbox filesystem reloads. Relative startup and canonical browser file identities resolve without sharing independently constructed resources. Complete source global Ship/list, callback closure and thread/error lifecycle remain pending. Verification: 564 regular checks pass, zero fail; 19 explicit GPU checks, full-game hover/DPI and the eight-case real Windows character gate pass. See tools/live-catalog-resource-evidence.md. Earlier status (superseded): Current 2026-10-09 live palette/resource pass: Live ship constructors and generated textures now use the retained Main.globalMaterials property initialized at startup, without rereading the global palette file. ShipData fallback lookup remains fresh per pixel; generated image lookup occurs in its worker. Full source global ship-list, startup/lifetime/error and runtime-thread parity remain pending. Verification: 561 regular checks pass, zero fail; 19 explicit GPU checks, full-game hover/DPI and the eight-case real Windows character gate pass. See tools/live-palette-resource-evidence.md. Earlier status (superseded): Non-Steam Window.start draw body translated: resource cleanup, music, GUI handle, signed nonzero screen gate, original float day-cycle math, fresh parameter getters, ship time/update, scene, sea, GUI render, counter and final clock increment. Native composition binds converted screen FBO, sky/ship/floor, sea, GUI, music and TimeSync; Window owns outer clear/swap/event polling. Frame tests verify order, minimized skip, single captured final time getter/setter receiver across provider replacement (corrected against freshly decompiled Main$main$inlined$start$1.class), zero-cycle NaN and partial effects after physics failure. Main global ship/materials/player/list references translated; uninitialized property messages, retained identity and ship replacement without list mutation checked. Native GUI reset operations use Main references and actual SourceShip thumbnail reconstruction; retained thumbnail/control/global palette, new ship identity, old hull close without physics close and shared list replacement checked with actual PNG resources. Main input registration retains the live ship list as its own stack; source ship catalog keeps canonical parent-directory and exact-name group identity through layer selection, includes valid Structure Pack base resources, and sorts by Java UTF-16 name order; resize/cursor/release reach the replacement, old ship is unaffected, and clearing the list removes routing. Main.globalMaterials now shares its retained reference with image loader workers; worker reads and reference replacement checked. Frame clock, daylight and GPU ship simulation honor source nonzero-framebuffer gate; non-source simulation pause removed. Latest full suite: 402 tests pass. Non-Steam startup orchestration translated: logging, GLFW/window/icons/counter/debug, AL context, empty track map/player publication/volume/music launch, camera/materials/sky/initial ship, GUI first handle/input stacks, screen FBO, sea then floor. Exact paths/options and wall-clock diagnostic message order with original float ship timing checked; per-phase failures preserve source partial effects. Complete native Backend implementation and retained object composition remain pending. Logging prelude translated: timestamp before logs.txt truncating open, stdout lookup/tee/PrintStream publication before stderr lookup/tee/PrintStream publication, shared log identity and partial installation after failures checked. Concrete shared file sink used with translated TeeOutputStream verifies truncation, byte/range writes, flush, shared close and original-output-before-file-failure behavior. JVM PrintStream encoding/error swallowing, concurrent file writes, process-wide console redirection and complete active startup binding remain pending. Debug setup separately translated: current-context/capabilities lookup before debug flag mutation, exact -debug match, callback setup even when no suppression API exists, Core43 then KHR then ARB priority, null ID buffer and exact 33350/33361/33387 or ARB 37192 filter values. Branch and missing-context failure boundaries checked; platform debug callback backend, Imgui DEBUG wiring and complete active startup integration remain pending. Initial ship loader consumes top-down traversal lazily, maps resources at encounter time, then constructs thumbnail/ship and publishes before appending without clearing the shared ship list. Resource failure stops traversal/publication; bundled Pacmaster resources load; actual PNG native ship construction retains current global materials/control, creates a fresh thumbnail/ship, and preserves the preceding ship/list entry. Complete Kotlin FileTreeWalk platform failure/stack semantics and active startup sequencing remain pending. Original post-loop shutdown order translated and checked through actual converted GLFW/resource instances; watchdog saves scope before the ten-second delay and exits with source status 76 after success. Exact coroutine scheduling and active shutdown wiring remain pending. Startup music body separately translated with native buffer/player integration checks. initial Loading... title and startup/object creation call order translated; complete native composition execution, platform GPU/GUI backends, active Bevy wiring, JVM exception/cross-thread semantics and live 1:1 parity pending. Steam and Workshop forwarding/startup/upload paths are excluded by user instruction"
"com/wicpar/sinkingsimulator/Main$main$$inlined$start$1.class","src/main_frame.rs; src/window.rs","Recovered original compiled callback with CFR; non-Steam frame order and single captured final settings receiver translated; final clock increment corrected to read that same object, with no extra global lookup; replacement before capture and hypothetical fourth lookup regression checked; full suite 402 passed; native platform composition/live rendering remains pending"
"com/wicpar/sinkingsimulator/Materials.java","src/materials.rs; src/materials/material.rs; src/materials/material_constructor.rs; src/materials/material_data_class.rs","Dedicated Materials(File) constructor now used by file resource palette cache; actual reader, read/parse/color failure reporting and whole-map empty fallback, valid alias identity checked; full suite 402 passed; Java Throwable/panic boundary and printStackTrace formatting remain pending. Color lookup/JSON export and Material data-class components/copy mask/Java hash/getAllColors translated; first-key collision and record/array identity retained. Original duplicate-color warnings restored in first-key order, including differently spelled aliases resolving to the same RGB; Full-array deserialization now precedes all color validation/warnings, matching Gson then Kotlin failure ordering; regression covers later invalid numeric field suppressing earlier color warnings and validation. Full suite 395 passed. Gson field order, pretty arrays, HTML escaping and scalar coercion covered; lenient JSON, exact float spelling, nullable array elements and JVM exception ABI remain incomplete"
"com/wicpar/sinkingsimulator/Materials$Material.class","src/materials/material.rs; src/materials/material_data_class.rs; src/materials.rs","Material record separated into its own Rust file; components/copy masks, array identity, Java hash, nullable Gson fields and color extraction translated; duplicate-color alias warning order checked; full suite 394 passed; exact JVM ABI and Gson compatibility gaps remain listed under Materials.java"
"com/wicpar/sinkingsimulator/MusicPlayer$drawUI$1$1.java","src/music_player_volume_reference.rs","Volume reference get/set/name/signature and numeric float conversion translated; Kotlin reflection/type-cast ABI pending"
"com/wicpar/sinkingsimulator/MusicPlayer$drawUI$1$2.java","src/music_player_progress_reference.rs","Progress reference get/set/name/signature and numeric float conversion translated; Kotlin reflection/type-cast ABI pending"
"com/wicpar/sinkingsimulator/MusicPlayer.java","src/music_player.rs; src/music_controls.rs; src/music_player_ui.rs; src/music_player_icon_config.rs; src/music_player_icons.rs; src/main_music_load.rs; src/native_music.rs","Partial: source ALSource queue/play/pause/repeat/autonext/progress behavior translated and active startup pause corrected; Java HashMap bulk putAll initial-capacity sizing, resize threshold and UTF-16 bucket order translated for track listing; Native startup music publication and late player lookup checked; latest full suite: 354 tests pass; Native loadIcon helper and separate original texture configuration translated; Native constructor retains seven original PNG icons after nextTrack; asset loading sequence and failure stop checked; startup constructor wiring, native backend, drawUI call sequence, post-toggle descriptions, sameLine defaults, square frame-height buttons and retained volume/progress references translated; source/library defaults checked; original assets and native audio property writes checked through recording UI; latest suite 386 passed zero failed; exact RNG, concrete UI backend wiring, original library default background zero/tint one explicit; first icon selected before frame-height getter; description callbacks release player borrow before invocation and reentrant mutation checked; active Music tab now follows source two-row grouping: shuffle/repeat and power-2 Volume slider, pause/next and track-name Playing slider; prototype MUSIC heading, loading/status suffix, separate seconds display and volume +/- buttons removed; volume thumb uses sqrt gain and input squares its normalized position; progress uses linear seconds; initial click captures only its slider, held drags clamp at endpoints and modal/editor state cancels capture; active input checks exercise gain, out-of-bounds drag, seek and rejection of unrelated held clicks; native source UI/audio checks continue to pass; exact DPI/style geometry and per-widget text clipping remain pending; Windows native live adapter now connects original decoded ALBuffers and SourceMusicPlayer, updates before UI controls, mirrors actual source offsets/duration and passes registered native app cleanup checks. Native libraries included in assets; asynchronous source coroutine timing, complete context/capabilities, configurable allocators and audible parity remain unfinished"
"com/wicpar/sinkingsimulator/MusicPlayer$loadIcon$1.class","src/music_player_icon_config.rs","Recovered four texture parameters translated separately in original order; source loadIcon helper preserves music path, desired channels zero, RGBA8 internal format and mipmaps; native configuration parameter/bind order check passed; full suite 384 passed zero failed; native constructor seven-icon retention and original PNG loading order checked; full suite 385 passed zero failed; startup wiring drawUI and live GPU parity pending"
"com/wicpar/sinkingsimulator/Sea.java","src/sea.rs; src/sea_companion.rs; src/sea_camera_callback.rs; src/sea_resolution_callback.rs; assets/shaders/sea.wgsl","Active Sea converts the completed source-RGB composition to linear RGB only for final sRGB display; prototype InternalWaterMesh is removed and flooding uses the live GPU ship shader; active scene capture renders before Sea and GUI; Sea mesh/camera use dedicated layer 7, excluding Toolbox clipped settings and every GUI layer, verified through actual setup regression; active composition uses native textureSampleBias with original transparent-border/trilinear sampler when supported; manual border/LOD fallback otherwise; source retained getters, initial resolution, callbacks, setTime, live per-site provider reads, texture binding and free translated; lifecycle/order/failure behavior checked; source constructor bridges ShaderProgram/SourceUVModel and SourceScreenFbo supplies retained texture capture; inherited model resource closure queues resize then camera callback cleanup, retaining receiver identity after caller drop; shared context closure cleanup checked; SeaShader companion owner retains exact original GLSL, fragment type and empty bindings; retained identity after closure and constructor link/geometry/validation/UV/resolution/camera order checked; native setTime, unfiltered resize and texture bind/draw/unbind checked; separate recovered camera callback preserves four shader getter sites and uniform lookup before each fresh camera matrix read; separate recovered resize callback preserves two shader getter sites and direct signed integer to float dimensions; active static registry/callback wiring, stencil/driver parity and runtime comparison pending; subsequent active source-RGB SeaFrame byte capture and fullscreen brush/presentation now correct the earlier linear brush blend mismatch; GPU RGB/alpha and no-brush cases pass; native camera output explicitly replaces the completed frame without a second alpha blend; physical image targets preserve logical camera extents; brush-source-blend-evidence.md; original full runtime and GUI primitive blend parity remain pending"
"com/wicpar/sinkingsimulator/Sea$Companion.class","src/sea_companion.rs","Recovered retained shader getter separated with original shader owner and exact GLSL literal; getter returns same retained shader identity and existing native constructors preserve reuse; focused identity and full suite 393 passed zero failed; process-wide JVM static initialization registry and live GPU parity pending"
"com/wicpar/sinkingsimulator/Sea$resCallback$1.class","src/sea_resolution_callback.rs","Recovered resize callback translated separately; concrete program backend preserves first receiver and second shader uniform lookup; zero negative and extreme dimension conversion checks passed; full suite 376 passed zero failed; live GPU and JVM ABI parity pending"
"com/wicpar/sinkingsimulator/Sea$cameraCallback$1.class","src/sea_camera_callback.rs","Recovered transform and inverse uploads translated separately; concrete program backend uses original four shader getter sites, uniform-before-matrix order and fresh inverse; focused matrix read and shader call-order check passed; full suite 375 passed zero failed; live GPU and JVM ABI parity pending"
"com/wicpar/sinkingsimulator/ship/physics/data/ForceDataHolder.java","src/force_data.rs","Native subclass constructor forwards source ShipData signed dimensions to SourceFloatDataHolder<2>; inherited dimensions/base type and shared Texture2D getter translated; RG32F upload with width*height*16 buffer, sampler configuration and deferred cleanup checked. Active compute storage adapter retained; full GPU integration/runtime parity pending"
"com/wicpar/sinkingsimulator/ship/physics/data/MaskStrutsDataHolder.java","src/mask_struts_data.rs; src/mask_struts_material_masks.rs; src/mask_struts_texture_config.rs","Native createMask and texture constructor translated: ground/hull/rope flag accumulation, descending-direction structural/non-rope water neighbor masks, native RGB unsigned-int packing and original 36220 internal texture format; retained texture, sampler order and deferred cleanup checked. Separate recovered nested predicate files added; all flag combinations/null/rope/invisible/boundary/error regressions checked. Active reciprocal-mask adapter agrees on fixture; native GPU pass integration/live runtime parity pending"
"com/wicpar/sinkingsimulator/ship/physics/data/MaskStrutsDataHolder$createMask$2$1.class","src/mask_struts_structural_predicate.rs","Recovered isGood predicate accepts every non-null material, including ropes and invisible records"
"com/wicpar/sinkingsimulator/ship/physics/data/MaskStrutsDataHolder$createMask$3$1.class","src/mask_struts_water_predicate.rs","Recovered isGood predicate accepts non-null non-rope materials"
"com/wicpar/sinkingsimulator/ship/physics/data/MaskStrutsDataHolder$Companion$materialMasks$1.class","src/mask_struts_ground_flag.rs","Recovered predicate reads isGround"
"com/wicpar/sinkingsimulator/ship/physics/data/MaskStrutsDataHolder$Companion$materialMasks$2.class","src/mask_struts_hull_flag.rs","Recovered predicate reads isHull"
"com/wicpar/sinkingsimulator/ship/physics/data/MaskStrutsDataHolder$Companion$materialMasks$3.class","src/mask_struts_rope_flag.rs","Recovered predicate reads isRope"
"com/wicpar/sinkingsimulator/ship/physics/data/MaskStrutsDataHolder$Companion.class","src/mask_struts_material_masks.rs","Retained companion predicate array order translated as ground/hull/rope; JVM synthetic constructor and reflection semantics not applicable to Rust"
"com/wicpar/sinkingsimulator/ship/physics/data/MaskStrutsDataHolder$texture$1.class","src/mask_struts_texture_config.rs","Recovered callback emits NEAREST magnification/minification and CLAMP_TO_BORDER S/T in source order"
"com/wicpar/sinkingsimulator/ship/physics/data/MassStrengthDataHolder.java","src/mass_strength_data.rs; src/mass_strength_data_texture_config.rs","Native four-array mass/tensile/compressive/effective-mass packing and RGBA32F texture constructor translated, source strength fallbacks/nulls/signed dimensions/retained texture/deferred cleanup checked. JAR bytecode confirms createMass invokes at constructor offset 17 before AIR/WATER putfields at 40/46; initial upload uses zero densities, active GPU initial mass corrected accordingly. Density fields are assigned after upload; recovered sampler callback translated. Native pass integration/live GPU parity pending"
"com/wicpar/sinkingsimulator/ship/physics/data/MassStrengthDataHolder$texture$1.class","src/mass_strength_data_texture_config.rs","Recovered nested sampler callback from JAR class; NEAREST magnification/minification and CLAMP_TO_BORDER S/T parameters emitted in source order"
"com/wicpar/sinkingsimulator/ship/physics/data/PosVelDataHolder.java","src/pos_vel_data.rs; src/pos_vel_data_texture_config.rs","Native createPositions and constructor translated: signed/wrapping Java array sizing, native float bytes, RG external/RGBA32F internal upload, quarter-height draft, retained texture identity and recovered sampler callback; upload/config/context cleanup and signed/zero/overflow regressions checked. Active rest coordinates already use same formula; native GPU pass integration/driver parity pending"
"com/wicpar/sinkingsimulator/ship/physics/data/PosVelDataHolder$texture$1.class","src/pos_vel_data_texture_config.rs","Recovered nested sampler callback from JAR class; NEAREST magnification/minification and CLAMP_TO_BORDER S/T parameters emitted in source order"
"com/wicpar/sinkingsimulator/ship/physics/data/WaterDataHolder.java","src/water_data.rs","Native subclass constructor forwards source ShipData signed dimensions to SourceFloatDataHolder<4>; inherited dimensions/base type and retained Texture2D getter translated; RGBA32F zero upload, sampler configuration and deferred cleanup checked. Active compute storage adapter retained; full GPU integration/runtime parity pending"
"com/wicpar/sinkingsimulator/ship/physics/FullScreen.java","src/physics_full_screen.rs; src/fullscreen.rs","Dedicated source position-only indexed quad with default triangles and retained Model identity translated; native star bake verifies attribute 0 only and six-index draw; active Bevy fullscreen geometry adapter retained; singleton registry integration pending"
"com/wicpar/sinkingsimulator/ship/resources/BaseDerivedTextureShipResource.java","src/ship_resources/base_derived_texture_ship_resource.rs; src/ship_resources/source_texture_cache.rs; src/ship_resources/image_cache.rs; src/main_globals.rs","Current 2026-10-09 source font and registry audit: Whole original JAR weak-registry audit found no ordinary registration/population path, so prior global-expiry integration priority is superseded. Source-generated browser/active caches stay retained; explicit release remains modeled. Full native destruction, mutable alias and coroutine/error timing parity remain pending. See tools/source-font-registry-evidence.md. Earlier status (superseded): Current 2026-10-09 source catalog/resource pass: Added source-generator nonblocking texture polling with current Main global palette for actual browser. It shares source-generated image and texture caches with selected Ship, preserving cached geometry/appearance after BASE changes. Explicit release behavior remains verified. Global expiry, exact coroutine timing and complete mutable/native resource lifetimes remain pending. Verification: 564 regular checks pass, zero fail; 19 explicit GPU checks, full-game hover/DPI and the eight-case real Windows character gate pass. See tools/live-catalog-resource-evidence.md. Earlier status (superseded): Current 2026-10-09 live palette/resource pass: The Bevy texture adapter now uses the existing source image generator and retained cache, resolving current global materials on the loader thread instead of capturing a new disk palette. Checks retain cached hidden texture identity across palette replacement, then regenerate visible RGBA and complete mip data after explicit release. Full cleanup/error/native resource parity remains pending. Verification: 561 regular checks pass, zero fail; 19 explicit GPU checks, full-game hover/DPI and the eight-case real Windows character gate pass. See tools/live-palette-resource-evidence.md. Earlier status (superseded): Constructor retains base/local-palette references/default TEXTURE identity; derived pixels/shared cache/release/folder export checked; nullable nonblocking BASE generator and shared async cache translated. Native textureNow uses converted RGBA8 mipmapped Texture2D and shared native cache; release closes native texture before image data. Real PNG thumbnail-to-native-Ship derived texture rendering/identity checked with recording backend. Native generation now reads retained BASE ImageData without RGBA normalization, selects current global palette only during generation and only without local materials; valid local palette suppresses global lookup, wrong-type local resource falls back. Big-endian four-byte filtering, retained alpha, zero trailing bytes and copied raw metadata checked. Current-global native resolver exercised by actual PNG ship/reset integration. Full suite 343 tests pass. Positioned/limited ByteBuffer views, full upload-buffer aliasing, owned Bevy adapter timing and live GPU parity pending"
"com/wicpar/sinkingsimulator/ship/resources/FileShipResource.java","src/ship_resources/file_ship_resource.rs; src/ship_resources/source_texture_cache.rs","Current 2026-10-09 source font and registry audit: Original JVM probe confirms one local image resource returns the same cached image identity on repeated blocking reads and does not register in the weak cleanup list. Explicit free also leaves that list empty. Native retained browser/active image caches remain connected; automatic expiry must not be invented. Complete native texture destruction, shared metadata aliases and error/thread timing remain pending. See tools/source-font-registry-evidence.md. Earlier status (superseded): Current 2026-10-09 source catalog/resource pass: Added nonblocking texture polling for live browser; cached native texture handles touch shared image-cache usage without re-reading disk. Filesystem ReloadState retains original resource identities, and active/editor consumers keep those caches after catalog removal. Complete mutable resource metadata aliases, global expiry and native destruction/error contracts remain pending. Verification: 564 regular checks pass, zero fail; 19 explicit GPU checks, full-game hover/DPI and the eight-case real Windows character gate pass. See tools/live-catalog-resource-evidence.md. Earlier status (superseded): File image/palette loading translated; native palette lazy retains shared SourceMaterials across clones and releases, including cached empty load failures. Native texture/textureNow obtain retained ImageData and cache converted Texture2D; clones share texture identity, explicit close precedes image release. Actual PNG exterior/native Ship integration, release/reload and strict idle cleanup close checked. STB encoding, automatic idle registry, JVM synchronized monitor/upload-buffer aliasing and live GPU parity pending"
"com/wicpar/sinkingsimulator/ship/resources/Layer.java","src/ship_resources/layer.rs; src/ship_resources/layer_companion.rs","Stored-name getter, separate companion shared DEFAULT identity, data-class component/copy/toString/equality and Java UTF-16 hash translated; UI label separated from model getter; full suite 391 passed zero failed; complete JVM generated bridges and class initialization ABI pending"
"com/wicpar/sinkingsimulator/ship/resources/Layer$Companion.class","src/ship_resources/layer_companion.rs","Recovered DEFAULT getter translated separately; constant shared empty-name layer retained across getter calls; identity empty name zero Java hash source toString and distinct equal copy checked; full suite 391 passed zero failed; JVM constructor marker and class initialization ABI pending"
"com/wicpar/sinkingsimulator/ship/resources/ResourceType.java","src/ship_resources/resource_type.rs","Enum declaration order, ordinals, values/valueOf, layered/required flags and extensions translated; JVM exception ABI remains represented as Rust Result"
"com/wicpar/sinkingsimulator/ship/resources/ShipResource$WhenMappings.java","src/ship_resource_when_mappings.rs","Source static initializer verified: MATERIALS branch 1, all other branches 0; regression tested"
"com/wicpar/sinkingsimulator/ship/resources/ShipResource$Companion$1$1.class","src/ship_resources/ship_resource_cleanup_predicate.rs","Current 2026-10-09 source font and registry audit: Strict 10000ms predicate/free behavior remains translated for supplied weak references. Original list has no ordinary bytecode population path across 12570 classes and is empty in the actual local source JVM probe. The predicate must not motivate invented automatic live expiry. Complete JVM/native release and externally populated registry behavior remain pending. See tools/source-font-registry-evidence.md. Earlier status (superseded): Decompiled original generated predicate; dead weak-reference removal and strict 10000ms idle release translated; periodic registry wiring pending"
"com/wicpar/sinkingsimulator/ship/resources/ShipResource.java","src/ship_resources/ship_resource.rs; src/ship_resources/ship_resource_companion.rs; src/ship_resources/ship_resource_materials_initializer.rs; src/ship_resources/image_cache.rs; src/ship_resources/ship_resource_image_data_loader.rs; src/ship_resources/ship_resource_image_data_now.rs; src/ship_resources/texture_cache.rs; src/ship_resources/source_texture_cache.rs; src/ship_resources/texture_config.rs; src/ship_resources/texture_now_config.rs","Current 2026-10-09 source font and registry audit: Scanned all 12570 original JAR class entries; registry access occurs only in static initialization, its accessor and cleanup continuation. No ordinary bytecode population path found. Original JVM local FileShipResource probe observes zero registry entries before/after construction, actual image loading, cached access, one cleanup interval and explicit free. Do not add automatic registration/idle expiry. Existing cleanup-loop/predicate models remain available. Reflection/JNI/external code, empty coroutine scheduling, mutable aliases and full native free/destruction/error lifetimes remain pending. See tools/source-font-registry-evidence.md. Earlier status (superseded): Current 2026-10-09 source catalog/resource pass: Live browser uses nonblocking Bevy texture adapters and per-frame scene getters refresh lastUsed even with cached handles. Source image workers and cache sharing are retained across disk modification and catalog removal. Original compiled getter targets/publication order are decoded in source-catalog-bytecode.json. Global cleanup registry, exact source coroutine timing/error propagation and all-native resource lifetime remain pending. Verification: 564 regular checks pass, zero fail; 19 explicit GPU checks, full-game hover/DPI and the eight-case real Windows character gate pass. See tools/live-catalog-resource-evidence.md. Earlier status (superseded): Companion fromFile separated; Kotlin last-dot filename and extension rules now used, including dotfile .png construction; full suite 396 passed. Recovered materials initializer and nullable non-material getter separated; type branch and retained palette identity checked; Recovered blocking image await continuation separated and used by captured-loader cache path; Recovered asynchronous loader body separated and used by worker; Parser/export/image-loading transitions and timestamps checked; retained native ImageData cache preserves outstanding loader and external references. Native texture/getTextureNow/setTexture cache translated: getter/timestamp order, null blocking fallback, retained texture identity, separate callbacks, RGBA8 mipmap upload, explicit close-before-replacement including same-object setter, deferred deletion and failure retry checked. Native resolver connects file/derived resources to SourceShip; actual PNG thumbnail/appearance/exterior path verified with recording backend. Native SourceGenerator path retains ImageData object identity and metadata directly through immediate and deferred loading, including release with an outstanding loader; dynamic palette resolver connected. Full suite 343 tests pass. Bevy handle adapter retained. Automatic cleanup registry not wired (no source registration found); JVM monitor/ByteBuffer aliasing, encoder and live GPU parity pending"
"com/wicpar/sinkingsimulator/ship/resources/ShipResource$Companion.class","src/ship_resources/ship_resource_companion.rs; src/ship_resources/image_cache.rs; src/ship_resources/ship_resource_cleanup_loop.rs","fromFile factory separated with original last-dot filename rule and FileShipResource construction; empty ship/default layer and dotfile extension checked; Original lazy ship capture, optional layer, all Java dot line terminators, Unicode S/I case matches and captured-uppercase Enum.valueOf failure now translated and checked; full suite 398 passed; JVM Unicode-version/default-locale fidelity and cleanup continuation and weak-list removeIf adapter translated; original process-wide registry/scheduler integration remains pending"
"com/wicpar/sinkingsimulator/ship/resources/ShipResource$Companion$1.class","src/ship_resources/ship_resource_cleanup_loop.rs","Current 2026-10-09 source font and registry audit: Compiled removeIf then delay1000 continuation is translated. Whole JAR audit found no ordinary producer for the list; source JVM local resource/image/cache probe observes the list empty after a cleanup interval. Preserve empty-list ordinary behavior rather than auto-registering resources. Exact process-wide empty coroutine scheduling, JVM exceptions and externally mutated list behavior remain pending. See tools/source-font-registry-evidence.md. Earlier status (superseded): Original removeIf then delay1000 repeating continuation translated; labels/saved scope/create/suspension/immediate delay/resume/cancellation/predicate failure checked; weak-list adapter evaluates predicates before compaction; full suite 400 passed; process-wide synchronized registry, scheduler launch and JVM exception/concurrent-modification ABI remain pending; source resource registration not found, so no automatic registration invented"
"com/wicpar/sinkingsimulator/ship/resources/ShipResource$imageData$1.class","src/ship_resources/ship_resource_image_data_loader.rs","Recovered non-suspending async body and fresh create/invoke paths translated separately; image worker invokes source label-zero body; exact nullable result and image identity preserved; repeated zero-label calls incoming/generator failures illegal labels and fresh scope checks passed; full suite 383 passed zero failed; Kotlin async scheduling cancellation continuation ABI and JVM exception identity pending"
"com/wicpar/sinkingsimulator/ship/resources/ShipResource$imageDataNow$1.class","src/ship_resources/ship_resource_image_data_now.rs","Recovered invokeSuspend labels zero/one, saved scope, nullable immediate/resumed result and failure order translated separately; blocking cache await uses converted continuation; suspension receiver identity null results failure labels and illegal resume checks passed; full suite 381 passed zero failed; exact Kotlin runBlocking scheduler cancellation create/invoke ABI and JVM exception identity pending"
"com/wicpar/sinkingsimulator/ship/resources/ShipResource$materials$2.class","src/ship_resources/ship_resource_materials_initializer.rs","Recovered lazy initializer reads resource type then invokes generator only for MATERIALS and otherwise returns null; separate Rust initializer used by file resource nullable materials getter; all five enum branches and generator identity checked; full suite 379 passed zero failed; JVM lazy monitor and ABI parity pending"
"com/wicpar/sinkingsimulator/ship/Ship.java","src/source_ship.rs; src/ship.rs; src/ship_companion.rs; src/ship_camera_callback.rs; src/ship_render.rs; src/ship_shaders.rs; src/ship_geometry_shader.rs; src/ship_fragment_shader.rs; src/ship_resources/mod.rs; src/ship_gpu_geometry.rs; src/ship_coverage.rs; assets/shaders/ship_coverage.wgsl; assets/shaders/ship_gpu_vertex.wgsl","Current 2026-10-09 original-video UI/native GL verification: New actual Windows OpenGL backend implements the translated SourceShip graphics interfaces. Real driver fixture constructs SourceShip with original GLSL, source texture resolver/pass graph, advances native physics, renders 1568 visible offscreen pixels, and verifies deferred camera callback/program cleanup. Native shader/link/FBO error propagation also verified on AMD RX 7600 OpenGL 4.6. This is an offscreen source-path fixture; playable Bevy still uses its existing renderer and canonical SourceShip/global/list integration remains incomplete. Verification: 581 regular checks, 24 actual-GPU gates and 39 expanded hover transitions pass. See tools/original-video-ui-native-evidence.md. Earlier status (superseded): Current 2026-10-09 live Ship drawing bindings: Corrected stale live drawing bindings after fresh physics replacement: hull and coverage now use current positions/masks/water, fresh material handles and mesh identities. Lighting updates only active component handles, leaving old retained programs/material adapters unchanged. Actual GPU live Test Ship handoff draws 256 then 64 pixels; new positions move hull/coverage, new masks reveal struts, old GPU bytes stay unchanged. Earlier fresh-allocation sampler synchronization claim was not established and is superseded. Bevy materials do not prove exact original linked GL program/context/GC/stencil lifetimes; synchronous SourceShip/global/list/error integration remains incomplete. Verification: 575 regular checks, 22 actual-GPU gates plus coverage/resize, full-game hover/DPI and eight real Windows character cases pass. See tools/live-ship-drawing-evidence.md. Earlier status (superseded): Current 2026-10-09 fresh native Ship allocation pass: Compiled constructors/free verified directly in original JAR: new ShipPhysics per Ship, fresh Model construction, and Ship.free only removes its camera callback. Native reset/browser/editor replacement now creates fresh physics buffers and geometry handles, while retained previous state is unchanged. Selected layer starts at 0 and scene camera remains retained. Exact native close hooks, callback/global-list identity, material ownership, raw resource destruction/GC timing and exceptional construction behavior remain pending. Verification: 567 regular checks, 21 explicit GPU gates, full-game hover/DPI and eight real Windows character cases pass. See tools/fresh-ship-allocation-evidence.md. Earlier status (superseded): Current 2026-10-09 source catalog/resource pass: Selected source ships share browser caches; independent startup resources remain independent. Rescans/index changes do not replace active physics, reset the shown layer or keep removed ships artificially in the browser. Rendering queries active texture/light getters every frame to refresh usage, and layers remain available after browser removal. Full source close/global-list/stencil/native error and mutable metadata alias lifetimes remain pending. Verification: 564 regular checks pass, zero fail; 19 explicit GPU checks, full-game hover/DPI and the eight-case real Windows character gate pass. See tools/live-catalog-resource-evidence.md. Earlier status (superseded): Current 2026-10-09 live palette/resource pass: Corrected replacement currentLayer to 0 after successful reconstruction, including Shift+R; the earlier layer-preservation claim is superseded. Startup and later layer changes share the active thumbnail texture/light cache. Cached resources survive disk changes and invalid catalog indices. Full scene/native object/error lifecycle parity remains pending. Verification: 561 regular checks pass, zero fail; 19 explicit GPU checks, full-game hover/DPI and the eight-case real Windows character gate pass. See tools/live-palette-resource-evidence.md. Earlier status (superseded): Native class composes converted hull ShadedModel, retained ShipData/thumbnail/control, struts, physics and render sequence. Primary constructor evaluation/validation order, physics before stencil enable/resolution/camera registration, samplers, layers and final screen query checked. Thumbnail overload verified with actual PNG inputs and retained global palette; concrete resource resolver supplies derived appearance/exterior textures; cache identity/release/reload/idle-close checked. Move tool current-ship lookup at activation update and native placement commit integrated and verified. Native placement/captured events/signed resize, moving update gate, layer selection/null light fallback, fresh render getters, hull then struts, time order and deferred hull-only camera cleanup checked. Exact companion/shared shader/static black translations retained. Break/Flood/Dry constructors now verified against retained native ship textures using NativePassFactory; attachment identity, activation, preview/action draws and blend state checked. Retained native brush provider preserves adapter identity for the same ship and replaces it when the source receiver changes; getter timing and new target identity checked. Native GUI reset operations use Main references and actual SourceShip thumbnail reconstruction; retained thumbnail/control/global palette, new ship identity, old hull close without physics close and shared list replacement checked with actual PNG resources. Main input registration retains the live ship list as its own stack; source ship catalog keeps canonical parent-directory and exact-name group identity through layer selection, includes valid Structure Pack base resources, and sorts by Java UTF-16 name order; resize/cursor/release reach the replacement, old ship is unaffected, and clearing the list removes routing. Current-palette thumbnail binding performs fresh fallback lookup for every original materials getter; retained constructor palette can differ from per-pixel material references. Actual PNG test verifies initial capture, three distinct pixel lookups, missing material, preserved transparent/invisible physical material and local-palette suppression of all global reads. SourceShip current-palette constructor and native GUI reset now use late getters rather than eagerly capturing Main.globalMaterials. Ship layer labels again match original Default substitution while Layer.name remains empty; active hull geometry now evaluates source quad/fallback triangle branches and texel-center UVs directly from live GPU position and water-link buffers, with two triangle slots per occupied source anchor; CPU readback mesh rewriting excludes this path; ship replacement rebuilds anchor metadata and deformed hull/strut rest bounds no longer cull live motion; strut positions and root-link visibility are live GPU reads using exact source static edge ordering, and occupancy replacement rebuilds endpoints; active Sea reflects the captured scene containing live GPU hull and struts; the prototype mirrored reflection mesh is removed during Sea setup; ship replacement now resets movement and pending translation to fresh placement, clears old brush commands and suspends physics until release, while retained editor preview catalog rescans preserve placement state; exhaustive 4096 local mask branches, shader variants and real GPU startup checked; active coverage pass now rasterizes the same live hull into an isolated physical-size target before scene capture; strut fragments reject covered pixels independent of hull texture alpha and draw after the hull; camera/hull/resize/shading synchronization checked; actual GPU pixel checks cover transparent hull rejection, exposed struts, fallback triangle, live position displacement, physical resize and replacement/reset; exact native rasterization edges, comparison against source OpenGL stencil pixels, remaining compositing and differential physics execution remain pending; latest previously recorded full suite: 354 tests pass. Platform state backend, active Bevy integration, original HashMap ordering, class initialization timing, JVM failure/GC/receiver-retention and live GPU parity pending"
"com/wicpar/sinkingsimulator/ship/Ship$Companion$blackTexture$1.class","src/ship_black_texture.rs","Recovered with CFR; zeroed four-byte one-pixel RGBA8 unsigned-byte texture without mipmaps translated; upload and static initialization order checked; active fallback singleton/pixels/format/filter/wrap checked; Rust retains upload memory instead of original freed native ByteBuffer"
"com/wicpar/sinkingsimulator/ship/Ship$Companion$blackTexture$1$1.class","src/ship_black_texture_config.rs","Recovered with CFR; exact MAG/MIN NEAREST and S/T REPEAT configuration order translated and checked against recording backend; active sampler settings checked"
"com/wicpar/sinkingsimulator/ship/ShipData.java","src/ship_data.rs; src/ship_thumbnail.rs","Current 2026-10-09 live palette/resource pass: Live catalog/editor reconstruction uses SourceShipDataThumbnailCurrent with Main.globalMaterials, retaining constructor and per-pixel material lookup semantics. Invisible materials remain physical. Registered reset checks prove a replaced global palette affects new physics while the existing ship data stays unchanged. Full native buffer/JVM dependency parity remains pending. Verification: 561 regular checks pass, zero fail; 19 explicit GPU checks, full-game hover/DPI and the eight-case real Windows character gate pass. See tools/live-palette-resource-evidence.md. Earlier status (superseded): Current-palette thumbnail binding performs fresh fallback lookup for every original materials getter; retained constructor palette can differ from per-pixel material references. Actual PNG test verifies initial capture, three distinct pixel lookups, missing material, preserved transparent/invisible physical material and local-palette suppression of all global reads. SourceShip current-palette constructor and native GUI reset now use late getters rather than eagerly capturing Main.globalMaterials. Full suite 344 tests pass. Source primary constructor retains image/palette/list references and unchecked signed dimensions; thumbnail constructor preserves captured BIG_ENDIAN buffer, fresh per-pixel palette lookup, material identity and getter order; concrete thumbnail/cache/palette bridge now wired into active material-map ship loading. Bevy snapshot retains source material references without another RGB lookup. Real PNG/alias/zero-alpha/invisible/release/reload constructor checks added; positioned/limited JVM ByteBuffer views, failure handling fallback and full runtime parity pending"
"com/wicpar/sinkingsimulator/ship/ShipPhysics.java","src/source_ship_physics.rs; src/ship_physics_shaders.rs; src/ship_physics_stencil.rs; src/passes/native_pass_factory.rs; src/ship_physics.rs; src/ship_physics_gpu_tests.rs; assets/shaders/ship_physics.wgsl; src/native_gl_physics_reference.rs","Current 2026-10-09 live Ship drawing bindings: Fresh GPU physics state now connects to all active drawing bindings. Prepared compute groups carry generation plus all ten buffer AssetIds; missing assets remove old groups, and mismatches cannot dispatch using old storage. Three regular identity checks cover fresh replacement, reused generations, each individual handle and legacy reset. Existing actual GPU physics comparisons still pass with unchanged scopes/tolerances. GPU pixel replacement gate verifies current storage binding, not all physical equations or original native upload/blocking/exception timing. Full native resource/context and 1:1 physics remain incomplete. Verification: 575 regular checks, 22 actual-GPU gates plus coverage/resize, full-game hover/DPI and eight real Windows character cases pass. See tools/live-ship-drawing-evidence.md. Earlier status (superseded): Current 2026-10-09 fresh native Ship allocation pass: Native new-Ship path uses a fresh factory for all ten storage/settings handles, default source state and no queued brushes; new Ship is paused in placement mode. Previous externally held buffer values remain untouched. Native generation wraps/increments and old readbacks are rejected even for equal dimensions. Actual GPU retained old position bytes remain exact across a new different-dimension allocation/dispatch. Existing original-versus-Bevy physics/water gates run with fresh allocations. Legacy in-place reset remains isolated from live constructor path. Complete native lifetime, FBO/texture alias, exceptional and cross-device behavior still require work. Verification: 567 regular checks, 21 explicit GPU gates, full-game hover/DPI and eight real Windows character cases pass. See tools/fresh-ship-allocation-evidence.md. Earlier status (superseded): Current 2026-10-09 wave correction: rounded invWave*3 and explicit weighted FMA match original GPU fill/mass in all 30 cases (128 cells each, five inflow/flow pairs, two depths, three elapsed times). Original fill intermediates now have exact assertions. Nineteen explicit GPU checks pass, including diagnostic probes; six 120-frame workloads retain zero position/velocity differences and documented water tolerances. Full physics and all-JAR parity remain unfinished. See tools/physics-wave-order-evidence.md. Earlier status (superseded): 2026-10-09 current verification: Preserved source rounded fill speed, inflow product, flow product and clamped addition on GPU. Default common-input 128-cell water/mass now matches original bits. GPU checks: 17 pass, one new non-default submerged fill/mass fixture fails (4 water values and one mass value differ by one float ULP). Cause under investigation; waves may contribute. Six original 120-frame workloads still pass. Full physics parity remains unfinished. Regular suite: 547 passed, zero failed, 42 ignored. See tools/verification-pass-2026-10-09.md. Earlier status follows as historical context: 2026-10-09 current: source CPU-rounded deltaT/fps, measured force/mass contractions, reflection denominator contraction order and rounded reflection subtraction are implemented in the production GPU shader. Exact 128-cell integration and velocity/reflection intermediary gates pass. All six original-driver 120-frame default 50/5 workloads (6000 physics / 600 water updates each) have zero position/velocity error and pass unchanged water/material/mask gates; prior exposed-motion mismatch is resolved. Explicit physics GPU suite: 15 passed, one failed (combined exact fill/mass: seven water lanes and one mass lane differ). Latest regular suite including hover fixes: 546 passed, zero failed, 38 ignored. Real-ship deformation, changing-wave/long-run cases, exceptional inputs, other drivers, full rendering and all-JAR/native-runtime fidelity remain incomplete. See tools/physics-rounded-reflection-source-evidence.md. Earlier conversion notes (historical, superseded where contradicted above): Native constructor and all eleven original GLSL pass literals retained with source allocation, target, stencil, update cadence and failure ordering. Active Bevy compute kernels port the force/integration/water/mask passes; settings updates preserve GPU mask authority without uploading stale readbacks or coarse CPU breaches, and initial placement/Move dragging suspends dispatch until release; regression checks cover mask scratch-plane preservation, damage command delivery and explicit reset; asynchronous position/water/mask readbacks now retain ship generations, reject old lifetimes and invalid plane sizes, and recreate request entities after reset; actual observer delivery checks cover same-size replacements and fresh decoding; force breakage clears only corresponding structural/water-link bits, and fill preserves the source case-sensitive DeltaT uniform mismatch (default 1.0), negative-gravity NaN behavior, and zero-mass divide behavior without a Rust-only guard. Fifteen explicit actual GPU single-frame cases now verify gravity, air/water buoyancy, the water boundary, force feedback, ground movement, destroy/flood/dry commands, floor reflection/compression/stationary collision, tension/compression breakage and stable reciprocal repair against source-derived expectations. The stationary-floor case exposed NaN positions from the old WGSL collision self-comparison; zero vertical displacement now takes the source collision=1 branch and other candidates use explicit float-bit NaN classification. Four further enclosed-water GPU cases independently compare FLOW_WATER/TRANSPORT_WATER pressure, wall reflection, closed-link quantity retention, funk, advected momentum, retained Y state and zero flow against source arithmetic, with ground cells preserving the source permeable stencil distinction; see tools/port-priority-review-2026-10-08.md. See tools/physics-actual-gpu-source-evidence.md. Native recording-adapter verification is documented; full multi-frame and source OpenGL versus live Bevy GPU parity, platform backend, runtime replacement and JVM failure/GC/thread semantics remain pending Source FILTER_PERMEABLE ground texels now remain eligible for execIf1 water flow/transport, while fill and mass retain their dynamic-stencil exclusion. Direct source-driver follow-up: eleven retained fragment strings byte-equal original Java; twenty single-cycle force/integration/repair/flow/fill/material-mass cases match actual OpenGL source shader readbacks within declared float tolerances (mask lanes exact), preserving source texture aliasing. All seven GPU checks passed. Full real-ship and prolonged coupled original-driver comparison, exact composite stencil lifetime, original initialization/alpha/out-of-range semantics and universal driver/game parity remain pending; see tools/physics-original-glsl-driver-source-evidence.md.; composite-stencil audit corrects ground exclusion from flow/transport: source set1If7 requires dynamic bit7; production WGSL and active air-balanced fixtures corrected; independent-predicate ground-flow evidence superseded; default 50/5 original-driver repeated workloads remain pending; persistent original GLSL 120-frame default50/5 comparison added: source density-mix rounding and reciprocal/fill multiplication corrected; four of six native workloads match and two remain failing (funk transport and exposed coupled motion), earlier eight GPU checks pass, full physics fidelity remains incomplete; native force and four flow-stage readbacks added; source fused flow velocity fixed (funk native 120-frame error now7.15e-7); five of six persistent source workloads match, exposed motion first exceeds tolerance atframe99waterline crossing and remains failing; older Windows repeated-water checks strengthened to native GLSL expected outputs with same workloads/counters/tolerances; original GPU nested material-mass mix contractions measured and ported as two fused-difference operations; 128 identical-input production mass samples bitwise equal, combined fill still differs in seven water amounts and exposed-motion gate still fails; see tools/physics-mass-interpolation-source-evidence.md; original buoyancy and inverse-mass force contractions explicitly preserved (128 inputs, 256 force lanes bitwise equal); collision interpolation measured as difference form; independent exact integration gate isolates five one-bit differences and remains failing; exposed trajectory unchanged, see tools/physics-integration-rounding-source-evidence.md; source CPU-rounded deltaT/fps now uploaded, removes two isolated integration differences and reduces exposed-motion error to0.030513763; paired reflection differences isolated, full fidelity still failing; see tools/physics-cpu-timing-source-evidence.md"
"com/wicpar/sinkingsimulator/ship/ShipPhysics$Companion.class","src/ship_physics_stencil.rs","All eight source stencil configurations retained per engine thread with shared Rc identity; source masks/comparisons/operations copied; native constructor regression checks repeated state identity; JVM cross-thread singleton semantics pending"
"com/wicpar/sinkingsimulator/ship/ShipStruts.java","src/ship_struts.rs; src/ship_struts_camera_callback.rs; src/ship_struts_companion.rs; src/ship_strut_shader.rs; src/ship_gpu_geometry.rs; src/ship_coverage.rs; assets/shaders/ship_coverage.wgsl; assets/shaders/ship_gpu_vertex.wgsl","Current 2026-10-09 live Ship drawing bindings: Each replacement now receives fresh strut mesh/material identities, active physics sampler bindings and updated texel dimensions. Current coverage synchronization copies only the active hull appearance. Actual GPU new position and edge-mask mutations move then remove struts, with old retained state unchanged. Original separate per-instance shader programs/sampler ownership confirmed by bytecode. Native GL compilation/context/camera callback/free behavior and complete visual parity remain incomplete. Verification: 575 regular checks, 22 actual-GPU gates plus coverage/resize, full-game hover/DPI and eight real Windows character cases pass. See tools/live-ship-drawing-evidence.md. Earlier status (superseded): Source vertex/index order and live link mask translated; separate companion preserves signed allocation, original boundary exclusions, X-major links and row-major vertices. Native constructor reads retained SourceShipData directly through geometry interface without owned image/palette conversion; shared geometry shader owner preserves exact GLSL literal, geometry type and empty bindings; native constructor uses converted ShadedModel, retained shader/program and CameraControl/callback objects, ordered sampler assignments, resolution, immediate transform and final validation; two validation sites, duplicate sampler handling, line draw, time/displacement writes and deferred inherited cleanup checked through recording backends; separate recovered camera callback preserves first shader receiver and second shader lookup before fresh transform read; active strut mesh now retains exact companion X-major endpoints and boundary exclusions; both endpoints share root cell/direction metadata, and the vertex shader reads live position and structural-mask y data; inactive links are clipped outside the near plane; CPU snapshots no longer rebuild or reposition active struts, while occupancy changes rebuild static endpoints; all 256 root masks, source edge order, empty links, readback independence and replacement are verified; source stencil/compositing integration, complete JVM constructor failure/collection/GC timing and live rendering parity pending"
"com/wicpar/sinkingsimulator/ship/ShipStruts$cameraCallback$1.class","src/ship_struts_camera_callback.rs","Recovered camera callback translated into separate Rust file and used by native constructor; first receiver, second shader lookup, fresh camera transform and receiver identity retained; focused receiver/matrix check passed; full suite 377 passed zero failed; live GPU and JVM ABI parity pending"
"com/wicpar/sinkingsimulator/ship/ShipThumbnail.java","src/ship_thumbnail.rs","Current-palette thumbnail binding performs fresh fallback lookup for every original materials getter; retained constructor palette can differ from per-pixel material references. Actual PNG test verifies initial capture, three distinct pixel lookups, missing material, preserved transparent/invisible physical material and local-palette suppression of all global reads. SourceShip current-palette constructor and native GUI reset now use late getters rather than eagerly capturing Main.globalMaterials. Full suite 344 tests pass. Resource grouping/last duplicate winner/default derived texture translated; layer encounter order and order-independent Java Map equality checked; base/name/palette/layer texture lookup translated; native palette getter returns retained local or actual global object, unreadable local palette remains empty without global fallback. SourceShipDataThumbnail bridge uses shared file image cache and palette, active material-map loading invokes original constructor; toShip/full exception and mutable JVM collection semantics incomplete"
"com/wicpar/sinkingsimulator/Sky.java","src/sky.rs; src/sky_companion.rs; src/sky_free_camera_reference.rs; src/sky_free_resolution_reference.rs; src/sky_camera_reference.rs; src/sky_resolution_reference.rs; src/sky_star_field.rs; src/physics_full_screen.rs; assets/shaders/sky.wgsl; assets/shaders/sky_star_field.wgsl","Active camera-relative sky/RGBA8 bake now rebakes on every positive resize event including unchanged dimensions, with size polling only as fallback; active event handling and DPI conversion checked; sky mesh uses current source camera bounds; source retained getters, constructor/render/callback/free order and failures checked; concrete ShaderProgram/SourceUVModel bridge; native shared SkyShader/starField owner and byte RGBA8 makeStars/temporary TexturedFbo bake through position-only FullScreen translated; GLSL literal fidelity and blend/program/draw/viewport scope checked; inherited model resource closure queues resize then camera callback cleanup; shared context closure cleanup after caller drop checked; path overload now loads four channels through FileReader, creates mipmapped RGBA8 sky texture with original configuration before delegating; original sky asset upload/geometry/bake/uniform order, sampler units, repeated positive resize bake, zero-size suppression and context cleanup checked through native recording adapters; Sky companion shader ownership and bake implementation separated into its own Rust file; full suite 393 passed; process-wide static initialization, active native registry/callback integration, function-reference ABI, GC timing/cos/live GPU parity pending"
"com/wicpar/sinkingsimulator/Sky$Companion.class","src/sky_companion.rs","Original sky and star-field shader owners and makeStars/bakeStars translated; byte RGBA8 texture and temporary framebuffer bake order checked through native recording adapters; full suite 393 passed; process-wide static initialization and live GPU integration/comparison pending"
"com/wicpar/sinkingsimulator/Sky$free$1.class","src/sky_free_resolution_reference.rs","Recovered fresh resCallback reference translated separately; explicit and deferred cleanup remove first equal receiver/owner/name/signature reference using weak metadata registry; duplicate equivalent callback removal checked; full suite 390 passed zero failed; complete Kotlin function reflection hashCode/equality ABI and live GPU parity pending"
"com/wicpar/sinkingsimulator/Sky$free$2.class","src/sky_free_camera_reference.rs","Recovered fresh cameraCallback reference translated separately; explicit and deferred cleanup use fresh receiver/owner/name/signature key; equality with constructor callback checked; full suite 390 passed zero failed; Kotlin reflection ABI and live GPU parity pending"
"com/wicpar/sinkingsimulator/Sky$2.class","src/sky_resolution_reference.rs","Recovered resCallback retained function reference translated separately and used by constructor; owner/name/signature constants retained and source resize target called; existing resolution resize cleanup checks pass; full suite 389 passed zero failed; Kotlin reference reflection/equality ABI and live GPU parity pending"
"com/wicpar/sinkingsimulator/Sky$3.class","src/sky_camera_reference.rs","Recovered cameraCallback retained function reference translated separately and used by constructor; receiver owner/name/signature key retained; native target preserves two shader getter sites uniform lookup before fresh camera inverse; focused order and existing lifecycle checks passed; full suite 389 passed zero failed; Kotlin reflection ABI and live GPU parity pending"
"com/wicpar/sinkingsimulator/Sky$1.class","src/sky_texture.rs","Recovered with CFR; four source texture parameter calls translated; active sky now uses converted FileReader search order, four-channel original map upload, RGBA8 and full mip chain with linear mipmapped clamp-to-edge sampler; packaged asset lookup/base pixels/mip count/load failure checked; concrete driver mip-generation and live rendered parity remain pending"
"com/wicpar/sinkingsimulator/Sky$makeStars$stars$1.class","src/sky_stars_texture.rs","Recovered with CFR; four source linear nonmipmapped clamp-to-edge texture calls translated; matching Bevy sampler applied to active cached star bake texture; native OpenGL backend remains adapted"
"com/wicpar/sinkingsimulator/tools/impl/BreakTool.java","src/tools/break_tool.rs; src/tools/brush_callbacks.rs; src/tools/brush_runtime.rs; src/tools/brush_construction.rs; src/tools/source_brush_ship.rs; src/gui_tool_factory.rs","Constructor/update and retained CameraControl/GameParameterProvider getters translated; shared settings survive global replacement. Native SourceShip adapter retains actual mask/water/position textures and physics stencil, with source blend enable/disable. All three constructors verified using original icons and NativePassFactory: attachment identity, inactive preview, active framebuffer action, texture unit order and reuse checked. Retained native brush provider preserves adapter identity for the same ship and replaces it when the source receiver changes; getter timing and new target identity checked. Native GUI factory integration verified with explicit mask/water targets and current-ship lookup timing; all four tool classes share supplied native resources. Full suite 337 tests pass. Platform GPU backend, active Bevy integration and live visual parity pending; active native event stream preserves per-event camera/Ship coordinates and mouse modifier masks; Move polling cancellation and retained Ship drag/release order connected; all-tool mouse broadcast and captured brush cursor/release retention connected; null tool selection still consumes ordinary left presses before camera; evidence window-world-move-source-evidence.md; complete GUI stacks, selection/replacement timing and native comparative parity remain pending; native preview/action now share NativeBrushInput retained cursor and resize uniforms; shader reciprocal multiply normalization replaces division picking; captured cursor retained and selected preview remains visible with hidden Tool controls; production preview and scalar float-order checks pass; brush-shared-input-source-evidence.md records limitations including original preview render order and DPI parity; brush overlay now uses exclusive layer 9/default target after Sea and before UI with synchronized world view; actual GPU ordering/isolation pixels verified; linear-space versus source-space blending difference remains explicitly unresolved; brush-overlay-source-evidence.md; subsequent active source-RGB SeaFrame byte capture and fullscreen brush/presentation now correct the earlier linear brush blend mismatch; GPU RGB/alpha and no-brush cases pass; native camera output explicitly replaces the completed frame without a second alpha blend; physical image targets preserve logical camera extents; brush-source-blend-evidence.md; original full runtime and GUI primitive blend parity remain pending"
"com/wicpar/sinkingsimulator/tools/impl/DryTool.java","src/tools/dry_tool.rs; src/tools/brush_callbacks.rs; src/tools/brush_runtime.rs; src/tools/brush_construction.rs; src/tools/source_brush_ship.rs; src/gui_tool_factory.rs","Constructor/update and retained CameraControl/GameParameterProvider getters translated; shared settings survive global replacement. Native SourceShip adapter retains actual mask/water/position textures and physics stencil, with source blend enable/disable. All three constructors verified using original icons and NativePassFactory: attachment identity, inactive preview, active framebuffer action, texture unit order and reuse checked. Retained native brush provider preserves adapter identity for the same ship and replaces it when the source receiver changes; getter timing and new target identity checked. Native GUI factory integration verified with explicit mask/water targets and current-ship lookup timing; all four tool classes share supplied native resources. Full suite 337 tests pass. Platform GPU backend, active Bevy integration and live visual parity pending; active native event stream preserves per-event camera/Ship coordinates and mouse modifier masks; Move polling cancellation and retained Ship drag/release order connected; all-tool mouse broadcast and captured brush cursor/release retention connected; null tool selection still consumes ordinary left presses before camera; evidence window-world-move-source-evidence.md; complete GUI stacks, selection/replacement timing and native comparative parity remain pending; native preview/action now share NativeBrushInput retained cursor and resize uniforms; shader reciprocal multiply normalization replaces division picking; captured cursor retained and selected preview remains visible with hidden Tool controls; production preview and scalar float-order checks pass; brush-shared-input-source-evidence.md records limitations including original preview render order and DPI parity; brush overlay now uses exclusive layer 9/default target after Sea and before UI with synchronized world view; actual GPU ordering/isolation pixels verified; linear-space versus source-space blending difference remains explicitly unresolved; brush-overlay-source-evidence.md; subsequent active source-RGB SeaFrame byte capture and fullscreen brush/presentation now correct the earlier linear brush blend mismatch; GPU RGB/alpha and no-brush cases pass; native camera output explicitly replaces the completed frame without a second alpha blend; physical image targets preserve logical camera extents; brush-source-blend-evidence.md; original full runtime and GUI primitive blend parity remain pending"
"com/wicpar/sinkingsimulator/tools/impl/FloodTool.java","src/tools/flood_tool.rs; src/tools/brush_callbacks.rs; src/tools/brush_runtime.rs; src/tools/brush_construction.rs; src/tools/source_brush_ship.rs; src/gui_tool_factory.rs","Constructor/update and retained CameraControl/GameParameterProvider getters translated; shared settings survive global replacement. Native SourceShip adapter retains actual mask/water/position textures and physics stencil, with source blend enable/disable. All three constructors verified using original icons and NativePassFactory: attachment identity, inactive preview, active framebuffer action, texture unit order and reuse checked. Retained native brush provider preserves adapter identity for the same ship and replaces it when the source receiver changes; getter timing and new target identity checked. Native GUI factory integration verified with explicit mask/water targets and current-ship lookup timing; all four tool classes share supplied native resources. Full suite 337 tests pass. Platform GPU backend, active Bevy integration and live visual parity pending; active native event stream preserves per-event camera/Ship coordinates and mouse modifier masks; Move polling cancellation and retained Ship drag/release order connected; all-tool mouse broadcast and captured brush cursor/release retention connected; null tool selection still consumes ordinary left presses before camera; evidence window-world-move-source-evidence.md; complete GUI stacks, selection/replacement timing and native comparative parity remain pending; native preview/action now share NativeBrushInput retained cursor and resize uniforms; shader reciprocal multiply normalization replaces division picking; captured cursor retained and selected preview remains visible with hidden Tool controls; production preview and scalar float-order checks pass; brush-shared-input-source-evidence.md records limitations including original preview render order and DPI parity; brush overlay now uses exclusive layer 9/default target after Sea and before UI with synchronized world view; actual GPU ordering/isolation pixels verified; linear-space versus source-space blending difference remains explicitly unresolved; brush-overlay-source-evidence.md; subsequent active source-RGB SeaFrame byte capture and fullscreen brush/presentation now correct the earlier linear brush blend mismatch; GPU RGB/alpha and no-brush cases pass; native camera output explicitly replaces the completed frame without a second alpha blend; physical image targets preserve logical camera extents; brush-source-blend-evidence.md; original full runtime and GUI primitive blend parity remain pending"
"com/wicpar/sinkingsimulator/tools/impl/MoveTool.java","src/tools/move_tool.rs; src/source_ship.rs; src/gui_tool_factory.rs","Current 2026-10-09 native characters/reset pass: Removed the incorrect plain-R drag reset. Source Shift+R now resets the active ship through the native character bridge, restoring placement, nine GPU buffer planes and snapshot state. Camera is retained. Complete native move lifecycle parity remains pending. Verification: 559 regular checks pass, zero fail; eight-case real Windows subclass gate, full-game hover/DPI and 19 explicit GPU checks pass. See tools/native-characters-reset-evidence.md. Earlier status (superseded): Current 2026-10-09 editor capture pass: Shared GUI capture reaches native WorldInput and fallback pointer/keyboard routes. Existing source move event tests still pass. Source Shift+R native character/reset binding and the port R convenience behavior remain unresolved. Verification: 553 regular checks pass, zero fail; full-game hover/DPI check and 19 explicit GPU checks pass. See tools/editor-input-capture-evidence.md. Earlier status (superseded): Source constructor/icon order and mouse activation/update translated. Native constructor bridge resolves current SourceShip only after pending activation is consumed; replacement between press and update receives startDrag. Actual native icon loading, unchanged old ship, physics freeze during drag, blocked release, single move-pass commit and hull/strut preview reset verified. Shift/blocked clicks and repeated update do not resolve ship. Bevy activation receives uncaptured events regardless of selection and persists across ship replacement; selected-only update and placement lifecycle wired. Native GUI factory integration verified with explicit mask/water targets and current-ship lookup timing; all four tool classes share supplied native resources. Full suite 337 tests pass. Platform GPU backend, active native Bevy event timing and live visual parity pending; active native event stream preserves per-event camera/Ship coordinates and mouse modifier masks; Move polling cancellation and retained Ship drag/release order connected; all-tool mouse broadcast and captured brush cursor/release retention connected; null tool selection still consumes ordinary left presses before camera; evidence window-world-move-source-evidence.md; complete GUI stacks, selection/replacement timing and native comparative parity remain pending"
"com/wicpar/sinkingsimulator/tools/Tool.java","src/tools/tool.rs; src/tools/tool_default_impls.rs","Current 2026-10-09 editor capture pass: Native brush callbacks now skip GUI-captured input, preserving activation across a captured release as the source delegate does. All three source brushes are checked, with outside input still forwarded. Full input ownership parity remains unfinished. Verification: 553 regular checks pass, zero fail; full-game hover/DPI check and 19 explicit GPU checks pass. See tools/editor-input-capture-evidence.md. Earlier status (superseded): SourceTool interface/defaults translated; explicit compiled default bridge preserved separately for all 17 methods; active Bevy broadcasts brush mouse state independent of selection and suppresses captured UI events, held-switch/captured-release/live-position cursor tests added; full source GUI/backend event integration pending"
"com/wicpar/sinkingsimulator/tools/Tool$DefaultImpls.class","src/tools/tool_default_impls.rs","Recovered 15 boolean callback bridges and before/after event hooks translated separately; explicit calls invoke InputHandler defaults rather than tool overrides; all boolean bridges preserve both blocked values and hooks bypass overrides; full suite 378 passed zero failed; Rust type system replaces JVM null checks; JVM ABI and live input integration parity pending"
"com/wicpar/sinkingsimulator/VertexShaders.java","src/vertex_shaders.rs; src/vertex_shaders_none.rs; src/vertex_shaders_nothing.rs; src/vertex_shaders_transform.rs","Arithmetic bodies translated; synchronized lazy source shader registry retains separate cached objects and retries failed initialization; exact recovered shader bodies/type/bindings checked; active native shader registry integration and GPU runtime parity pending"
"com/wicpar/engine/glfw/Window$2$16.class","src/window_framebuffer_callback.rs","Viewport callback body translated and argument test added; native installation backend pending"
"com/wicpar/engine/glfw/GLFW$monitors$1.java","src/glfw_monitors.rs","Exact absolute indexing from zero to capacity translated; source PointerBuffer limit checks and index failure are represented by SourcePointerBuffer"
"com/wicpar/engine/debug/TimeSync$1.class","src/time_sync_reporter.rs","Report-delay-flag loop translated; original continuation/cancellation ABI pending"
"com/wicpar/sinkingsimulator/tools/impl/MoveTool$texture$1.java","src/tools/move_tool_texture.rs","Separately decompiled class: source parameter values and order translated; native backend rendering parity pending"
"com/wicpar/sinkingsimulator/tools/impl/MoveTool$activeTexture$1.java","src/tools/move_tool_active_texture.rs","Separately decompiled class: source parameter values and order translated; native backend rendering parity pending"
"com/wicpar/sinkingsimulator/tools/impl/BreakTool$texture$1.java","src/tools/break_tool_texture.rs","Separately decompiled; exact parameter values/order translated; native runtime rendering pending"
"com/wicpar/sinkingsimulator/tools/impl/BreakTool$activeTexture$1.java","src/tools/break_tool_active_texture.rs","Separately decompiled; exact parameter values/order translated; native runtime rendering pending"
"com/wicpar/sinkingsimulator/tools/impl/FloodTool$texture$1.java","src/tools/flood_tool_texture.rs","Separately decompiled; exact parameter values/order translated; native runtime rendering pending"
"com/wicpar/sinkingsimulator/tools/impl/FloodTool$activeTexture$1.java","src/tools/flood_tool_active_texture.rs","Separately decompiled; exact parameter values/order translated; native runtime rendering pending"
"com/wicpar/sinkingsimulator/tools/impl/DryTool$texture$1.java","src/tools/dry_tool_texture.rs","Separately decompiled; exact parameter values/order translated; native runtime rendering pending"
"com/wicpar/sinkingsimulator/tools/impl/DryTool$activeTexture$1.java","src/tools/dry_tool_active_texture.rs","Separately decompiled; exact parameter values/order translated; native runtime rendering pending"
"com/wicpar/sinkingsimulator/tools/impl/BreakTool$1.java","src/tools/break_tool_camera_reference.rs","Callback invocation and receiver/owner/name/signature equality translated; Kotlin reflection identity/exception ABI pending"
"com/wicpar/sinkingsimulator/tools/impl/BreakTool$free$1.java","src/tools/break_tool_free_camera_reference.rs","Callback invocation and receiver/owner/name/signature equality translated; Kotlin reflection identity/exception ABI pending"
"com/wicpar/sinkingsimulator/tools/impl/FloodTool$1.java","src/tools/flood_tool_camera_reference.rs","Callback invocation and receiver/owner/name/signature equality translated; Kotlin reflection identity/exception ABI pending"
"com/wicpar/sinkingsimulator/tools/impl/FloodTool$free$1.java","src/tools/flood_tool_free_camera_reference.rs","Callback invocation and receiver/owner/name/signature equality translated; Kotlin reflection identity/exception ABI pending"
"com/wicpar/sinkingsimulator/tools/impl/DryTool$1.java","src/tools/dry_tool_camera_reference.rs","Callback invocation and receiver/owner/name/signature equality translated; Kotlin reflection identity/exception ABI pending"
"com/wicpar/sinkingsimulator/tools/impl/DryTool$free$1.java","src/tools/dry_tool_free_camera_reference.rs","Callback invocation and receiver/owner/name/signature equality translated; Kotlin reflection identity/exception ABI pending"
"com/wicpar/sinkingsimulator/gui/Toolbox$render$3.java","src/toolbox_render_3.rs","Size callback translated; captured height alias, ordered arithmetic, both minimum bounds and Java NaN/signed-zero max checked; callback registered by SourceToolbox.render_layout with frame-local shared Tools height; active Bevy/native renderer adapter remains pending"
"dslfix.java","src/dslfix.rs","Tab scope/default masks, source texture sizing/default height and centering translated; browser uses geometry implementation; native ImGui bindings, JVM null/reflection ABI and independent scope boundary checks pending"
"com/wicpar/sinkingsimulator/ship/Ship$Companion.class","src/ship_companion.rs","createIndices/createVertices translated against retained SourceShipData and owned adapter interface; JVM signed wrapping products, allocation failure, zero-size and wrapped-zero cases, row-major cells, temporary array filtering, exact short-circuit material read order and external list mutation checked; owned Ship helpers and native SourceShip constructor use translation; JVM allocation exception ABI and active Bevy runtime integration pending"
"com/wicpar/sinkingsimulator/ship/ShipStruts$Companion.class","src/ship_struts_companion.rs","createIndices/createVertices translated against retained SourceShipData and owned adapter interface; X-major link ordering, original four offset/exclusion pairs, occupied endpoint reads, row-major vertices, negative range and signed wrapping allocation behavior checked; native ShipStruts constructor and owned geometry helpers use translation; native constructor draw/uniform/callback cleanup checked with retained source data; JVM allocation exception ABI and live GPU parity pending"
"com/wicpar/sinkingsimulator/ship/Ship$cameraCallback$1.class","src/ship_camera_callback.rs","Recovered separately with CFR; live camera matrix inversion before uniform lookup and fresh matrix getter upload translated; native SourceShip uses callback, immediate registration/camera change/inverse update/deferred removal checked through converted ShaderProgram; full captured Ship receiver/GC semantics and JVM function ABI pending"
"com/wicpar/sinkingsimulator/ship/resources/ShipResource$texture$1.class","src/ship_resources/texture_config.rs","Separately recovered with CFR; native polling texture path emits MAG NEAREST, MIN NEAREST_MIPMAP_LINEAR and S/T CLAMP_TO_BORDER in original order; RGBA8 upload/mipmap/configuration sequence checked through recording backend"
"com/wicpar/sinkingsimulator/ship/resources/ShipResource$textureNow$1.class","src/ship_resources/texture_now_config.rs","Separately recovered with CFR; native blocking fallback uses original MAG NEAREST, MIN NEAREST_MIPMAP_LINEAR and S/T CLAMP_TO_BORDER callback; source cache fallback/configuration sequence verified through recording backend"
"com/wicpar/sinkingsimulator/gui/Toolbox$reloadFiles$reloaded$1$1.java","src/toolbox_reload_file_predicate.rs","File.isFile predicate translated without extension filtering; exercised through reload tests; concrete Java File semantics remain backend responsibility"
"com/wicpar/sinkingsimulator/gui/Toolbox$reloadFiles$$inlined$sortedBy$1.java","src/toolbox_reload_name_comparator.rs","Exact Kotlin compareValues nullable ordering and Java UTF-16 String comparison translated; generated comparator bridge delegates through typed name projection"
"com/wicpar/sinkingsimulator/Main$main$1.class","src/main_flat_files.rs","Recovered CFR getFlatFiles traversal and Kotlin File.extension/nameWithoutExtension semantics; active music discovery uses exact last-dot and lowercase ogg behavior; Java security/IO exception semantics and native path adaptation remain"
"com/wicpar/sinkingsimulator/Main$main$3$files$1.class","src/main_ship_file_predicate.rs; src/main_initial_ship.rs","Recovered class with CFR; isFile predicate translated with native filesystem checks. Native initial ship walk now invokes the predicate before each resource mapping; lazy error boundary, actual Pacmaster files and PNG ship publication checked. Java security exception and complete FileTreeWalk platform semantics pending. Full suite: 365 tests passed; live parity remains unverified"
"com/wicpar/sinkingsimulator/Main$main$3$files$2.class","src/main_ship_file_resource.rs; src/main_initial_ship.rs","Recovered class with CFR; delegates every accepted path to existing ShipResource.fromFile without extension filtering. Named-layer and unknown-suffix mapping tests added; Initial ship startup binding implemented and tested through bundled Pacmaster resource parsing and actual PNG native ship construction/publication; full JVM filename/exception and live platform semantics pending. Full suite: 365 tests passed; live parity remains unverified"
"com/wicpar/sinkingsimulator/Main$main$counter$1$1.class","src/main_counter_title.rs","Current 2026-10-09 original Resource queue pass: Actual original queued counter callback was invoked with NaN twice through original Resource.runMain; both fail before native Window use and remain queued. Rust exact error message, deferred failure and retained-window tests strengthened accordingly. Null Window probe does not verify native title rendering, Java receiver ABI or GC/lifetime equivalence. Verification: 571 regular checks, 21 explicit GPU gates, full-game hover/DPI and eight real Windows character cases pass. See tools/source-resource-queue-evidence.md. Earlier status (superseded): Recovered class with CFR; retained report title uses Kotlin rounding toward positive infinity at ties, Int clamping, NaN error and minimum-width padding. Active Bevy title formatter now uses translated helper; native worker-to-Window bridge now retains the original receiver on the resource main thread and performs deferred setTitle; JVM exception ABI, complete startup binding and live window parity pending. Full suite: 357 tests passed; live parity remains unverified"
"com/wicpar/sinkingsimulator/Main$main$counter$1.class","src/main_counter_callback.rs","Current 2026-10-09 original Resource queue pass: Native report callbacks now retain queued receiver on NaN failure and are retried by runMain. Actual original Main callback probe confirms enqueue is deferred, two runs repeat IllegalArgumentException Cannot round NaN value. and queue sizes remain 1 until explicit probe clear. Successful native receiver release follows corrected tail traversal boundary; window/GC and full scheduling parity remain incomplete. Verification: 571 regular checks, 21 explicit GPU gates, full-game hover/DPI and eight real Windows character cases pass. See tools/source-resource-queue-evidence.md. Earlier status (superseded): Recovered class with CFR; queues retained report values and title sink through ResourceRuntime, deferring rounding and NaN failure until main-thread execution. Worker/main-thread FIFO tests added; Native retained Rc Window bridge implemented through a main-thread registry and worker-safe receiver lease; queued reports preserve FIFO and window identity, survive worker callback drop, and release retention after main-thread completion, including NaN unwinding. Native TimeSync constructor connects the bridge to the converted reporter; full startup integration, JVM finalization timing and live parity pending. Full suite: 357 tests passed; live parity remains unverified"
"com/wicpar/palette/PaletteGenKt.java","src/palette_gen.rs","PaletteGenKt.main/genPalette/getFontMeasuringContext translated: source material ordering, Fira Sans font loading, table geometry and swatches reproduced; ImageIO.write failures print and return normally as in source; native GDI text backend replaces AWT rasterizer"
"com/wicpar/sinkingsimulator/Main$main$2.class","src/main_music_load.rs; src/native_music_load.rs; src/native_music.rs","Recovered coroutine class with CFR. Exact lowercase ogg filtering uses shared Kotlin last-dot filename helpers; materializes selected files before loading, preserves first key position and last duplicate buffer, publishes only after all loads and then fetches current player. Label/incoming failure and decode failure checked. Native ALBuffer construction and actual SourceMusicPlayer captured-map publication/late receiver/playback integration checked. GlobalScope scheduling, cross-thread player bridge, captured Java HashMap implementation/races, JVM exception/continuation ABI and live native audio parity pending. Latest full suite: 354 tests pass; complete startup and live parity remain unverified; Actual native ALBuffer creation/upload now runs on a background worker through these translated Operations. Complete captured-map publication and actual Main player global late lookup are applied in engine order; early controls and immediate shutdown during loading verified. Exact GlobalScope scheduling/JVM races, failure ABI and audible parity remain incomplete"
"com/wicpar/sinkingsimulator/Main$main$6.class","src/main_shutdown_watchdog.rs","Original shutdown watchdog continuation translated: saves scope and sets label before 10000ms delay; suspended path exits only on successful resume; immediate completion exits with 76; incoming/resume failures and invalid labels preserve partial effects. Native worker launcher preserves delay-before-exit and tests inject recording delay/exit functions. Exact GlobalScope dispatch/cancellation, JVM continuation/exception ABI and active shutdown wiring pending. Full suite: 362 tests passed; real process termination and live shutdown parity remain unverified"
"com/wicpar/engine/glfw/Window$$special$$inlined$blockGlfwSafe$lambda$1.class","src/window.rs::SourceWindow::emit_position","Position callbacks run first; each handler stack folds independently from false and receives (ypos, xpos) exactly as the compiled callback; native GLFW registration remains pending"
"com/wicpar/engine/glfw/Window$$special$$inlined$blockGlfwSafe$lambda$3.class","src/window.rs::SourceWindow::emit_refresh","Refresh callbacks run before independent handler-stack folds starting from false; handler return replaces the accumulator; native GLFW registration remains pending"
"com/wicpar/engine/glfw/Window$$special$$inlined$blockGlfwSafe$lambda$4.class","src/window.rs::SourceWindow::emit_close","Close callbacks run before independent handler-stack folds starting from false; handler return replaces the accumulator; native GLFW registration remains pending"
"com/wicpar/engine/glfw/Window$$special$$inlined$blockGlfwSafe$lambda$5.class","src/window.rs::SourceWindow::emit_focus","Focus callbacks receive the original focus value before independent handler-stack folds starting from false; native GLFW registration remains pending"
"com/wicpar/engine/glfw/Window$$special$$inlined$blockGlfwSafe$lambda$6.class","src/window.rs::SourceWindow::emit_iconify","Iconify callbacks receive the original value; the compiled callback does not notify input-handler stacks; native GLFW registration remains pending"
"com/wicpar/engine/glfw/Window$$special$$inlined$blockGlfwSafe$lambda$7.class","src/window.rs::SourceWindow::emit_framebuffer_size","Framebuffer callbacks run before independent handler-stack folds starting from false with unchanged width/height order; native GLFW registration remains pending"
"com/wicpar/engine/glfw/Window$$special$$inlined$blockGlfwSafe$lambda$8.class","src/window.rs::SourceWindow::emit_key","Key callbacks receive original key/scancode/action/modifier payload before independent handler-stack folds starting from false; native GLFW registration remains pending"
"com/wicpar/engine/glfw/Window$$special$$inlined$blockGlfwSafe$lambda$9.class","src/window.rs::SourceWindow::emit_char","Character callbacks receive the original code point before independent handler-stack folds starting from false; native GLFW registration remains pending"
"com/wicpar/engine/glfw/Window$$special$$inlined$blockGlfwSafe$lambda$10.class","src/window.rs::SourceWindow::emit_char_mods","Character-modifier callbacks receive original code point/modifier payload before independent handler-stack folds starting from false; native GLFW registration remains pending"
"com/wicpar/engine/glfw/Window$$special$$inlined$blockGlfwSafe$lambda$13.class","src/window.rs::SourceWindow::emit_cursor_enter","Cursor-enter callbacks receive the original value before independent handler-stack folds starting from false; native GLFW registration remains pending"
"com/wicpar/engine/glfw/Window$$special$$inlined$blockGlfwSafe$lambda$15.class","src/window.rs::SourceWindow::emit_drop","Drop callbacks receive the same path list before independent handler-stack folds starting from false; native GLFW registration remains pending"
"com/wicpar/engine/audio/ALContext$Companion.class","src/al_context.rs","Nested/compiler-generated class behavior is represented by its parent Rust translation; inherit parent fidelity gaps: Partial: construction/device dependency, global current, start/stop, lazy capability identity and cleanup translated; native backend and JVM race semantics pending Synthetic JVM class identity/ABI is not reproduced."
"com/wicpar/engine/audio/device/ALDevice$Companion.class","src/al_device.rs","Nested/compiler-generated class behavior is represented by its parent Rust translation; inherit parent fidelity gaps: Partial: default class identity, name query/open order, unchecked IDs and deferred device close translated; concrete native backend pending Synthetic JVM class identity/ABI is not reproduced."
"com/wicpar/engine/debug/TimeSync$Companion$dispatcher$1.class","src/time_sync.rs; src/time_sync_reporter.rs","Nested/compiler-generated class behavior is represented by its parent Rust translation; inherit parent fidelity gaps: Partial: source atomic pacing/list replacement/background report-delay loop/deferred stop integrated in Bevy; main-thread title messages and JVM coroutine/race/name semantics remain adapted Synthetic JVM class identity/ABI is not reproduced."
"com/wicpar/engine/debug/TimeSync$Companion.class","src/time_sync.rs; src/time_sync_reporter.rs","Nested/compiler-generated class behavior is represented by its parent Rust translation; inherit parent fidelity gaps: Partial: source atomic pacing/list replacement/background report-delay loop/deferred stop integrated in Bevy; main-thread title messages and JVM coroutine/race/name semantics remain adapted Synthetic JVM class identity/ABI is not reproduced."
"com/wicpar/engine/glfw/InputHandler$DefaultImpls.class","src/input_handler.rs","Nested/compiler-generated class behavior is represented by its parent Rust translation; inherit parent fidelity gaps: All fifteen source callback defaults and two hooks translated; SourceWindow now routes all callback families through the matching translated behavior; Bevy-native event bridge remains pending Synthetic JVM class identity/ABI is not reproduced."
"com/wicpar/engine/glfw/InputHandlerDelegate$DefaultImpls.class","src/input_handler_delegate.rs","Nested/compiler-generated class behavior is represented by its parent Rust translation; inherit parent fidelity gaps: All source delegate callbacks/payloads/broadcast ordering tested; source Window/callback-list integration pending Synthetic JVM class identity/ABI is not reproduced."
"com/wicpar/engine/glfw/Monitor$scale$1.class","src/monitor.rs; src/monitor_video_mode.rs; src/monitor_scale.rs","Nested/compiler-generated class behavior is represented by its parent Rust translation; inherit parent fidelity gaps: Partial: native mode identity, cached size/scale, available modes, live physical queries and VideoMode copy/hash and Kotlin source_to_string translated; bundled JOML Vector2i `(x y)` format verified; native monitor backend pending Synthetic JVM class identity/ABI is not reproduced."
"com/wicpar/engine/glfw/Monitor$VideoMode.class","src/monitor.rs; src/monitor_video_mode.rs; src/monitor_scale.rs","Nested/compiler-generated class behavior is represented by its parent Rust translation; inherit parent fidelity gaps: Partial: native mode identity, cached size/scale, available modes, live physical queries and VideoMode copy/hash and Kotlin source_to_string translated; bundled JOML Vector2i `(x y)` format verified; native monitor backend pending Synthetic JVM class identity/ABI is not reproduced."
"com/wicpar/engine/graphics/standard/Fullscreen$Companion.class","src/fullscreen.rs","Nested/compiler-generated class behavior is represented by its parent Rust translation; inherit parent fidelity gaps: Exact source indices/vertices/UVs and default triangle style supplied to converted SourceUVModel; allocation/attribute/draw order checked; active Bevy geometry fitting adapted; native runtime parity unverified Synthetic JVM class identity/ABI is not reproduced."
"com/wicpar/engine/memory/Resource$1.class","src/resource.rs","Nested/compiler-generated class behavior is represented by its parent Rust translation; inherit parent fidelity gaps: Deferred dependency cleanup plus engine-thread local-object cleanup bridge translated; native resource subclass pre-free callback hook supports cross-thread close with engine-thread callback removal before superclass destruction; tested for order/idempotence; JVM finalization/GC timing and full runtime parity pending Synthetic JVM class identity/ABI is not reproduced."
"com/wicpar/engine/memory/Resource$close$1$2.class","src/resource.rs","Current 2026-10-09 original Resource queue pass: Bound free callback now remains callable and queued after a throwing free hook, preserving receiver and freed state until successful cleanup. Original JVM throwing-first/middle and retry snapshots checked; local subclass/base failure checks pass. Native context/destruction, Java function identity and GC/thread interleavings remain incomplete. Verification: 571 regular checks, 21 explicit GPU gates, full-game hover/DPI and eight real Windows character cases pass. See tools/source-resource-queue-evidence.md. Earlier status (superseded): Nested/compiler-generated class behavior is represented by its parent Rust translation; inherit parent fidelity gaps: Deferred dependency cleanup plus engine-thread local-object cleanup bridge translated; native resource subclass pre-free callback hook supports cross-thread close with engine-thread callback removal before superclass destruction; tested for order/idempotence; JVM finalization/GC timing and full runtime parity pending Synthetic JVM class identity/ABI is not reproduced."
"com/wicpar/engine/memory/Resource$Companion$1.class","src/resource.rs","Nested/compiler-generated class behavior is represented by its parent Rust translation; inherit parent fidelity gaps: Deferred dependency cleanup plus engine-thread local-object cleanup bridge translated; native resource subclass pre-free callback hook supports cross-thread close with engine-thread callback removal before superclass destruction; tested for order/idempotence; JVM finalization/GC timing and full runtime parity pending Synthetic JVM class identity/ABI is not reproduced."
"com/wicpar/engine/memory/Resource$Companion$runMain$1.class","src/resource.rs","Current 2026-10-09 original Resource queue pass: Original predicate invokes Function0 before successful removal; throws leave the same job in the queue. Live shared queue has retryable callbacks and saved-next traversal; seven original JVM cases match. Concrete Java predicate object/ABI and exhaustive weakly consistent concurrent deque behavior remain incomplete. Verification: 571 regular checks, 21 explicit GPU gates, full-game hover/DPI and eight real Windows character cases pass. See tools/source-resource-queue-evidence.md. Earlier status (superseded): Nested/compiler-generated class behavior is represented by its parent Rust translation; inherit parent fidelity gaps: Deferred dependency cleanup plus engine-thread local-object cleanup bridge translated; native resource subclass pre-free callback hook supports cross-thread close with engine-thread callback removal before superclass destruction; tested for order/idempotence; JVM finalization/GC timing and full runtime parity pending Synthetic JVM class identity/ABI is not reproduced."
"com/wicpar/engine/memory/Resource$Companion$threadCreator$1$1$1$1.class","src/resource.rs","Nested/compiler-generated class behavior is represented by its parent Rust translation; inherit parent fidelity gaps: Deferred dependency cleanup plus engine-thread local-object cleanup bridge translated; native resource subclass pre-free callback hook supports cross-thread close with engine-thread callback removal before superclass destruction; tested for order/idempotence; JVM finalization/GC timing and full runtime parity pending Synthetic JVM class identity/ABI is not reproduced."
"com/wicpar/engine/memory/Resource$Companion$threadCreator$1$1.class","src/resource.rs","Nested/compiler-generated class behavior is represented by its parent Rust translation; inherit parent fidelity gaps: Deferred dependency cleanup plus engine-thread local-object cleanup bridge translated; native resource subclass pre-free callback hook supports cross-thread close with engine-thread callback removal before superclass destruction; tested for order/idempotence; JVM finalization/GC timing and full runtime parity pending Synthetic JVM class identity/ABI is not reproduced."
"com/wicpar/engine/memory/Resource$Companion$threadCreator$1.class","src/resource.rs","Nested/compiler-generated class behavior is represented by its parent Rust translation; inherit parent fidelity gaps: Deferred dependency cleanup plus engine-thread local-object cleanup bridge translated; native resource subclass pre-free callback hook supports cross-thread close with engine-thread callback removal before superclass destruction; tested for order/idempotence; JVM finalization/GC timing and full runtime parity pending Synthetic JVM class identity/ABI is not reproduced."
"com/wicpar/engine/memory/Resource$Companion.class","src/resource.rs","Current 2026-10-09 original Resource queue pass: Original compiled runMain and bundled Java 13 deque bulkRemove decoded; Rust now follows saved-next traversal and success-only removal. Actual original queue cases include nested enqueue and controlled reentry, with 20 matching snapshots. Registration coroutine, daemon cleaner/shutdown and full native failure/concurrency scheduling remain incomplete. Verification: 571 regular checks, 21 explicit GPU gates, full-game hover/DPI and eight real Windows character cases pass. See tools/source-resource-queue-evidence.md. Earlier status (superseded): Nested/compiler-generated class behavior is represented by its parent Rust translation; inherit parent fidelity gaps: Deferred dependency cleanup plus engine-thread local-object cleanup bridge translated; native resource subclass pre-free callback hook supports cross-thread close with engine-thread callback removal before superclass destruction; tested for order/idempotence; JVM finalization/GC timing and full runtime parity pending Synthetic JVM class identity/ABI is not reproduced."
"com/wicpar/engine/memory/Resource$registerDependent$1$1.class","src/resource.rs","Nested/compiler-generated class behavior is represented by its parent Rust translation; inherit parent fidelity gaps: Deferred dependency cleanup plus engine-thread local-object cleanup bridge translated; native resource subclass pre-free callback hook supports cross-thread close with engine-thread callback removal before superclass destruction; tested for order/idempotence; JVM finalization/GC timing and full runtime parity pending Synthetic JVM class identity/ABI is not reproduced."
"com/wicpar/engine/opengl/GLContext$Companion.class","src/gl_context.rs","Nested/compiler-generated class behavior is represented by its parent Rust translation; inherit parent fidelity gaps: Partial: thread-local identity/cache, capability reporting and deferred GL destruction translated; backend reflection/native Bevy integration pending Synthetic JVM class identity/ABI is not reproduced."
"com/wicpar/engine/opengl/shaders/Shader$Companion.class","src/shader.rs","Nested/compiler-generated class behavior is represented by its parent Rust translation; inherit parent fidelity gaps: Compilation/attach/detach/source constants/deferred GLResource cleanup translated and checked; concrete GPU compiler pending Synthetic JVM class identity/ABI is not reproduced."
"com/wicpar/engine/opengl/state/GLState$Concat$currentState$2.class","src/gl_state/mod.rs","Nested/compiler-generated class behavior is represented by its parent Rust translation; inherit parent fidelity gaps: Interface/None/Concat translated; recursive nonempty snapshot confirmed from bytecode and represented by explicit panic; GPU backend integration pending Synthetic JVM class identity/ABI is not reproduced."
"com/wicpar/engine/opengl/state/GLState$Concat.class","src/gl_state/mod.rs","Nested/compiler-generated class behavior is represented by its parent Rust translation; inherit parent fidelity gaps: Interface/None/Concat translated; recursive nonempty snapshot confirmed from bytecode and represented by explicit panic; GPU backend integration pending Synthetic JVM class identity/ABI is not reproduced."
"com/wicpar/engine/opengl/state/GLState$None.class","src/gl_state/mod.rs","Nested/compiler-generated class behavior is represented by its parent Rust translation; inherit parent fidelity gaps: Interface/None/Concat translated; recursive nonempty snapshot confirmed from bytecode and represented by explicit panic; GPU backend integration pending Synthetic JVM class identity/ABI is not reproduced."
"com/wicpar/engine/opengl/state/stencil/StencilConfig$currentState$2.class","src/gl_state/stencil_config.rs","Nested/compiler-generated class behavior is represented by its parent Rust translation; inherit parent fidelity gaps: Source defaults/apply/lazy capture/copy/value equality/hash translated; concrete backend and synthetic default overloads pending Synthetic JVM class identity/ABI is not reproduced."
"com/wicpar/engine/opengl/state/stencil/StencilFunc$currentState$2.class","src/gl_state/stencil_func.rs","Nested/compiler-generated class behavior is represented by its parent Rust translation; inherit parent fidelity gaps: Source defaults/apply/lazy capture/copy/value equality/hash translated; concrete backend and synthetic default overloads pending Synthetic JVM class identity/ABI is not reproduced."
"com/wicpar/engine/opengl/state/stencil/StencilOp$currentState$2.class","src/gl_state/stencil_op.rs","Nested/compiler-generated class behavior is represented by its parent Rust translation; inherit parent fidelity gaps: Source defaults/apply/lazy capture/copy/value equality/hash translated; concrete backend and synthetic default overloads pending Synthetic JVM class identity/ABI is not reproduced."
"com/wicpar/engine/opengl/state/stencil/StencilWriteMask$currentState$2.class","src/gl_state/stencil_write_mask.rs","Nested/compiler-generated class behavior is represented by its parent Rust translation; inherit parent fidelity gaps: Source defaults/apply/lazy capture/copy/value equality/hash translated; concrete backend and synthetic default overloads pending Synthetic JVM class identity/ABI is not reproduced."
"com/wicpar/engine/opengl/textures/framebuffers/RenderFBO$1.class","src/render_fbo.rs","Nested/compiler-generated class behavior is represented by its parent Rust translation; inherit parent fidelity gaps: SourceRenderFbo texture/depth allocation, resize replacement and source mipmap sequence tested; active Bevy backend/screen callback integration pending Synthetic JVM class identity/ABI is not reproduced."
"com/wicpar/engine/opengl/textures/framebuffers/RenderFBO$2.class","src/render_fbo.rs","Nested/compiler-generated class behavior is represented by its parent Rust translation; inherit parent fidelity gaps: SourceRenderFbo texture/depth allocation, resize replacement and source mipmap sequence tested; active Bevy backend/screen callback integration pending Synthetic JVM class identity/ABI is not reproduced."
"com/wicpar/engine/opengl/textures/framebuffers/RenderFBO$3.class","src/render_fbo.rs","Nested/compiler-generated class behavior is represented by its parent Rust translation; inherit parent fidelity gaps: SourceRenderFbo texture/depth allocation, resize replacement and source mipmap sequence tested; active Bevy backend/screen callback integration pending Synthetic JVM class identity/ABI is not reproduced."
"com/wicpar/engine/opengl/textures/Texture$1.class","src/texture.rs","Nested/compiler-generated class behavior is represented by its parent Rust translation; inherit parent fidelity gaps: Source upload/binding/readback/framebuffer/mipmap/lifetime operations tested; generic loader/NIO/concrete GPU integration pending Synthetic JVM class identity/ABI is not reproduced."
"com/wicpar/engine/opengl/textures/Texture$Companion.class","src/texture.rs","Nested/compiler-generated class behavior is represented by its parent Rust translation; inherit parent fidelity gaps: Source upload/binding/readback/framebuffer/mipmap/lifetime operations tested; generic loader/NIO/concrete GPU integration pending Synthetic JVM class identity/ABI is not reproduced."
"com/wicpar/engine/opengl/textures/Texture2D$1.class","src/texture_2d.rs","Nested/compiler-generated class behavior is represented by its parent Rust translation; inherit parent fidelity gaps: Active Bevy image adapter plus SourceTexture2D upload path; source order tested; pixel buffer identity/NIO and concrete backend pending Synthetic JVM class identity/ABI is not reproduced."
"com/wicpar/engine/opengl/textures/Texture2D$2.class","src/texture_2d.rs","Nested/compiler-generated class behavior is represented by its parent Rust translation; inherit parent fidelity gaps: Active Bevy image adapter plus SourceTexture2D upload path; source order tested; pixel buffer identity/NIO and concrete backend pending Synthetic JVM class identity/ABI is not reproduced."
"com/wicpar/engine/opengl/textures/Texture2DArray$1.class","src/texture_2d_array.rs","Nested/compiler-generated class behavior is represented by its parent Rust translation; inherit parent fidelity gaps: Source upload/binding/readback/framebuffer/mipmap/lifetime operations tested; generic loader/NIO/concrete GPU integration pending Synthetic JVM class identity/ABI is not reproduced."
"com/wicpar/engine/physics/gl/builder/data/FloatDataHolder$Companion.class","src/float_data_holder.rs; src/float_data_texture_config.rs","Nested/compiler-generated class behavior is represented by its parent Rust translation; inherit parent fidelity gaps: Native source float holder exposes typed GL vector descriptor/value relationship and source vec1/vec2/vec3/vec4 names; texture allocation/order and formats retained; concrete GPU pass integration pending Synthetic JVM class identity/ABI is not reproduced."
"com/wicpar/engine/physics/gl/builder/data/UInt8DataHolder$Companion.class","src/uint8_data_holder.rs","Nested/compiler-generated class behavior is represented by its parent Rust translation; inherit parent fidelity gaps: Source-native Texture2D allocation with null pixels, exact format/internal-format tables, component-index ordering and recovered NEAREST/CLAMP_TO_BORDER sampler callback; source and storage holder adapters represented Synthetic JVM class identity/ABI is not reproduced."
"com/wicpar/engine/physics/gl/builder/data/UInt8DataHolder$texture$1.class","src/uint8_data_holder.rs","Nested/compiler-generated class behavior is represented by its parent Rust translation; inherit parent fidelity gaps: Source-native Texture2D allocation with null pixels, exact format/internal-format tables, component-index ordering and recovered NEAREST/CLAMP_TO_BORDER sampler callback; source and storage holder adapters represented Synthetic JVM class identity/ABI is not reproduced."
"com/wicpar/engine/physics/gl/builder/GLBuilder$GLPassBuilder$GLProgramCtx.class","src/gl_builder/gl_builder.rs","Nested/compiler-generated class behavior is represented by its parent Rust translation; inherit parent fidelity gaps: Source empty operations and context naming/declarations translated and checked Synthetic JVM class identity/ABI is not reproduced."
"com/wicpar/engine/physics/gl/builder/GLBuilder$GLPassBuilder.class","src/gl_builder/gl_builder.rs","Nested/compiler-generated class behavior is represented by its parent Rust translation; inherit parent fidelity gaps: Source empty operations and context naming/declarations translated and checked Synthetic JVM class identity/ABI is not reproduced."
"com/wicpar/engine/physics/passes/impl/TargetPass$1.class","src/passes/target_pass.rs; src/passes/native_pass_factory.rs","Nested/compiler-generated class behavior is represented by its parent Rust translation; inherit parent fidelity gaps: Source callback/order/capability contracts translated and checked; adapter execution builds TexturedFBO from retained texture and stencil attachments; source attachment calls, draw buffers, viewport restoration, error checkpoints and context cleanup verified with injected recording backends; live GPU verification pending Synthetic JVM class identity/ABI is not reproduced."
"com/wicpar/engine/physics/passes/InitializableStatefulPass$DefaultImpls.class","src/passes/initializable_stateful_pass.rs","Nested/compiler-generated class behavior is represented by its parent Rust translation; inherit parent fidelity gaps: Combined source interface translated; concrete GPU backend migration pending Synthetic JVM class identity/ABI is not reproduced."
"com/wicpar/engine/physics/passes/PassBuilder$PassBuilderTextureStep$DirectPassStep.class","src/passes/pass_builder.rs","Nested/compiler-generated class behavior is represented by its parent Rust translation; inherit parent fidelity gaps: Nested source builder steps translated; immediate setup/custom pass order/shared stencil sizes checked; explicit existing-stencil overload now wired by native ShipPhysics constructor; concrete GPU factory migration pending Synthetic JVM class identity/ABI is not reproduced."
"com/wicpar/engine/physics/passes/PassBuilder$PassBuilderTextureStep$TargetPassStep.class","src/passes/pass_builder.rs","Nested/compiler-generated class behavior is represented by its parent Rust translation; inherit parent fidelity gaps: Nested source builder steps translated; immediate setup/custom pass order/shared stencil sizes checked; explicit existing-stencil overload now wired by native ShipPhysics constructor; concrete GPU factory migration pending Synthetic JVM class identity/ABI is not reproduced."
"com/wicpar/engine/physics/passes/PassBuilder$PassBuilderTextureStep.class","src/passes/pass_builder.rs","Nested/compiler-generated class behavior is represented by its parent Rust translation; inherit parent fidelity gaps: Nested source builder steps translated; immediate setup/custom pass order/shared stencil sizes checked; explicit existing-stencil overload now wired by native ShipPhysics constructor; concrete GPU factory migration pending Synthetic JVM class identity/ABI is not reproduced."
"com/wicpar/engine/physics/passes/PassBuilder$SetupStep.class","src/passes/pass_builder.rs","Nested/compiler-generated class behavior is represented by its parent Rust translation; inherit parent fidelity gaps: Nested source builder steps translated; immediate setup/custom pass order/shared stencil sizes checked; explicit existing-stencil overload now wired by native ShipPhysics constructor; concrete GPU factory migration pending Synthetic JVM class identity/ABI is not reproduced."
"com/wicpar/engine/physics/passes/PassBuilder$Step.class","src/passes/pass_builder.rs","Nested/compiler-generated class behavior is represented by its parent Rust translation; inherit parent fidelity gaps: Nested source builder steps translated; immediate setup/custom pass order/shared stencil sizes checked; explicit existing-stencil overload now wired by native ShipPhysics constructor; concrete GPU factory migration pending Synthetic JVM class identity/ABI is not reproduced."
"com/wicpar/engine/physics/passes/StatefulPass$DefaultImpls.class","src/passes/stateful_pass.rs","Nested/compiler-generated class behavior is represented by its parent Rust translation; inherit parent fidelity gaps: Source no-op uniform defaults translated; concrete GPU backend migration pending Synthetic JVM class identity/ABI is not reproduced."
"com/wicpar/engine/rendering/ScreenFBO$1.class","src/screen_fbo.rs","Nested/compiler-generated class behavior is represented by its parent Rust translation; inherit parent fidelity gaps: Active RGBA8 target/mip adapter and native border sampler; SourceScreenFbo constructor uses source RenderFbo with stencil/mipmap flags, two framebuffer size queries, retained target/window/callback identities, unfiltered resize and window dependency registration; deferred callback removal before native FBO deletion and Sea texture capture bridge checked; active backend integration, default constructor mask and driver parity pending Synthetic JVM class identity/ABI is not reproduced."
"com/wicpar/engine/rendering/ScreenFBO$framebufferCallback$1.class","src/screen_fbo.rs","Nested/compiler-generated class behavior is represented by its parent Rust translation; inherit parent fidelity gaps: Active RGBA8 target/mip adapter and native border sampler; SourceScreenFbo constructor uses source RenderFbo with stencil/mipmap flags, two framebuffer size queries, retained target/window/callback identities, unfiltered resize and window dependency registration; deferred callback removal before native FBO deletion and Sea texture capture bridge checked; active backend integration, default constructor mask and driver parity pending Synthetic JVM class identity/ABI is not reproduced."
"com/wicpar/engine/util/enums/EnumSet$Companion.class","src/enums/enum_set.rs","Nested/compiler-generated class behavior is represented by its parent Rust translation; inherit parent fidelity gaps: Source bitmap operations and bounded iterator behavior tested; JVM collection bridges/exception semantics and integration pending Synthetic JVM class identity/ABI is not reproduced."
"com/wicpar/engine/util/enums/EnumSet$DefaultImpls.class","src/enums/enum_set.rs","Nested/compiler-generated class behavior is represented by its parent Rust translation; inherit parent fidelity gaps: Source bitmap operations and bounded iterator behavior tested; JVM collection bridges/exception semantics and integration pending Synthetic JVM class identity/ABI is not reproduced."
"com/wicpar/engine/util/enums/MutableEnumSet$Companion.class","src/enums/mutable_enum_set.rs","Nested/compiler-generated class behavior is represented by its parent Rust translation; inherit parent fidelity gaps: Source bitmap operations and bounded iterator behavior tested; JVM collection bridges/exception semantics and integration pending Synthetic JVM class identity/ABI is not reproduced."
"com/wicpar/engine/util/enums/MutableEnumSet$MutableEnumSetIterator.class","src/enums/mutable_enum_set.rs","Nested/compiler-generated class behavior is represented by its parent Rust translation; inherit parent fidelity gaps: Source bitmap operations and bounded iterator behavior tested; JVM collection bridges/exception semantics and integration pending Synthetic JVM class identity/ABI is not reproduced."
"com/wicpar/engine/util/FileReaderKt$extractFilesInto$1.class","src/file_reader_kt.rs","Nested/compiler-generated class behavior is represented by its parent Rust translation; inherit parent fidelity gaps: Directory and stored/deflate plus ZIP64 JAR extraction translated; ZIP64 sentinel fields, extended sizes and offsets are decoded with bounded extra-field parsing and split-disk rejection; URI charset/filesystem semantics and runtime archive corpus parity pending Synthetic JVM class identity/ABI is not reproduced."
"com/wicpar/engine/util/FileReaderKt$extractFilesInto$2.class","src/file_reader_kt.rs","Nested/compiler-generated class behavior is represented by its parent Rust translation; inherit parent fidelity gaps: Directory and stored/deflate plus ZIP64 JAR extraction translated; ZIP64 sentinel fields, extended sizes and offsets are decoded with bounded extra-field parsing and split-disk rejection; URI charset/filesystem semantics and runtime archive corpus parity pending Synthetic JVM class identity/ABI is not reproduced."
"com/wicpar/engine/util/FileReaderKt$extractFilesInto$3.class","src/file_reader_kt.rs","Nested/compiler-generated class behavior is represented by its parent Rust translation; inherit parent fidelity gaps: Directory and stored/deflate plus ZIP64 JAR extraction translated; ZIP64 sentinel fields, extended sizes and offsets are decoded with bounded extra-field parsing and split-disk rejection; URI charset/filesystem semantics and runtime archive corpus parity pending Synthetic JVM class identity/ABI is not reproduced."
"com/wicpar/engine/util/properties/BackedProperty$1.class","src/backed_property.rs","Nested/compiler-generated class behavior is represented by its parent Rust translation; inherit parent fidelity gaps: Behavior translated; window callback registration and full runtime parity pending Synthetic JVM class identity/ABI is not reproduced."
"com/wicpar/engine/util/properties/BackedProperty$free$1.class","src/backed_property.rs","Nested/compiler-generated class behavior is represented by its parent Rust translation; inherit parent fidelity gaps: Behavior translated; window callback registration and full runtime parity pending Synthetic JVM class identity/ABI is not reproduced."
"com/wicpar/sinkingsimulator/gui/ShipUpload$render$$inlined$window$lambda$1$1.class","src/ship_upload.rs","Nested/compiler-generated class behavior is represented by its parent Rust translation; inherit parent fidelity gaps: Reset state and UTF-16 buffers translated; setFromThumbnail retains complete ShipResource maps including synthesized BaseDerivedTexture entries; setOpen(false) removes the current layer; file-picker result stores a validated file under the selected layer/type; Add Layer UTF-16 input, blank-name guard, duplicate-key replacement and buffer reset translated; ship-name edits propagate to all file and synthesized resources; local Save Locally folder creation, existing-name failure, resource serialization and status updates translated; ImGui frontend remains unported; SteamUGC upload omitted per user instruction Synthetic JVM class identity/ABI is not reproduced."
"com/wicpar/sinkingsimulator/gui/ShipUpload$render$$inlined$window$lambda$1.class","src/ship_upload.rs","Nested/compiler-generated class behavior is represented by its parent Rust translation; inherit parent fidelity gaps: Reset state and UTF-16 buffers translated; setFromThumbnail retains complete ShipResource maps including synthesized BaseDerivedTexture entries; setOpen(false) removes the current layer; file-picker result stores a validated file under the selected layer/type; Add Layer UTF-16 input, blank-name guard, duplicate-key replacement and buffer reset translated; ship-name edits propagate to all file and synthesized resources; local Save Locally folder creation, existing-name failure, resource serialization and status updates translated; ImGui frontend remains unported; SteamUGC upload omitted per user instruction Synthetic JVM class identity/ABI is not reproduced."
"com/wicpar/sinkingsimulator/gui/ShipUpload$render$$inlined$window$lambda$2$1.class","src/ship_upload.rs","Nested/compiler-generated class behavior is represented by its parent Rust translation; inherit parent fidelity gaps: Reset state and UTF-16 buffers translated; setFromThumbnail retains complete ShipResource maps including synthesized BaseDerivedTexture entries; setOpen(false) removes the current layer; file-picker result stores a validated file under the selected layer/type; Add Layer UTF-16 input, blank-name guard, duplicate-key replacement and buffer reset translated; ship-name edits propagate to all file and synthesized resources; local Save Locally folder creation, existing-name failure, resource serialization and status updates translated; ImGui frontend remains unported; SteamUGC upload omitted per user instruction Synthetic JVM class identity/ABI is not reproduced."
"com/wicpar/sinkingsimulator/gui/ShipUpload$render$$inlined$window$lambda$2.class","src/ship_upload.rs","Nested/compiler-generated class behavior is represented by its parent Rust translation; inherit parent fidelity gaps: Reset state and UTF-16 buffers translated; setFromThumbnail retains complete ShipResource maps including synthesized BaseDerivedTexture entries; setOpen(false) removes the current layer; file-picker result stores a validated file under the selected layer/type; Add Layer UTF-16 input, blank-name guard, duplicate-key replacement and buffer reset translated; ship-name edits propagate to all file and synthesized resources; local Save Locally folder creation, existing-name failure, resource serialization and status updates translated; ImGui frontend remains unported; SteamUGC upload omitted per user instruction Synthetic JVM class identity/ABI is not reproduced."
"com/wicpar/sinkingsimulator/gui/ShipUpload$selectFile$1.class","src/ship_upload.rs","Nested/compiler-generated class behavior is represented by its parent Rust translation; inherit parent fidelity gaps: Reset state and UTF-16 buffers translated; setFromThumbnail retains complete ShipResource maps including synthesized BaseDerivedTexture entries; setOpen(false) removes the current layer; file-picker result stores a validated file under the selected layer/type; Add Layer UTF-16 input, blank-name guard, duplicate-key replacement and buffer reset translated; ship-name edits propagate to all file and synthesized resources; local Save Locally folder creation, existing-name failure, resource serialization and status updates translated; ImGui frontend remains unported; SteamUGC upload omitted per user instruction Synthetic JVM class identity/ABI is not reproduced."
"com/wicpar/sinkingsimulator/Materials$Companion.class","src/materials.rs; src/materials/material.rs; src/materials/material_constructor.rs; src/materials/material_data_class.rs","Nested/compiler-generated class behavior is represented by its parent Rust translation; inherit parent fidelity gaps: Dedicated Materials(File) constructor now used by file resource palette cache; actual reader, read/parse/color failure reporting and whole-map empty fallback, valid alias identity checked; full suite 402 passed; Java Throwable/panic boundary and printStackTrace formatting remain pending. Color lookup/JSON export and Material data-class components/copy mask/Java hash/getAllColors translated; first-key collision and record/array identity retained. Original duplicate-color warnings restored in first-key order, including differently spelled aliases resolving to the same RGB; Full-array deserialization now precedes all color validation/warnings, matching Gson then Kotlin failure ordering; regression covers later invalid numeric field suppressing earlier color warnings and validation. Full suite 395 passed. Gson field order, pretty arrays, HTML escaping and scalar coercion covered; lenient JSON, exact float spelling, nullable array elements and JVM exception ABI remain incomplete Synthetic JVM class identity/ABI is not reproduced."
"imgui/font/Font.class","src/source_font_text.rs; src/source_font_advances.rs; src/ui_font.rs","Partial dependency translation: original calcTextSizeA and calcWordWrapPositionA translated and checked against 543 original-JVM cases (321 measurements/222 wraps), comparing raw float bits, remaining/return indices, qualified exception class and message. Includes ASCII punctuation/control/NUL, strict width limits, NaN/Inf, negative sizes/scales, end/bounds errors and original Unicode limitations. Native bundled-face normalization and independent Latin glyph geometry checked for eight F18 strings; original atlas/rasterization, renderText/renderChar, remaining Font methods and full native wrap/Unicode/DPI behavior still require implementation. This is a partial method-level mapping, not completion of Font or the dependency JAR. See tools/source-font-registry-evidence.md."
